{
  "name": "prospect_both_50_1_ec_av__JaccardLevenMatcher{'threshold_leven': 0.6, 'process_num': 4}",
  "matches": {
    "(('prospect_both_50_1_ec_av_source', 'AgencyID'), ('prospect_both_50_1_ec_av_target', 'AgencyID'))": 0.5164790671309418,
    "(('prospect_both_50_1_ec_av_source', 'PostalCode'), ('prospect_both_50_1_ec_av_target', 'AgencyID'))": 0.17176760472052913,
    "(('prospect_both_50_1_ec_av_source', 'PostalCode'), ('prospect_both_50_1_ec_av_target', 'Income'))": 0.1709914403181236,
    "(('prospect_both_50_1_ec_av_source', 'PostalCode'), ('prospect_both_50_1_ec_av_target', 'NetWorth'))": 0.17029131427037186,
    "(('prospect_both_50_1_ec_av_source', 'Gender'), ('prospect_both_50_1_ec_av_target', 'MaritalStatus'))": 0.1111111111111111,
    "(('prospect_both_50_1_ec_av_source', 'City'), ('prospect_both_50_1_ec_av_target', 'Employer'))": 0.10810810810810811,
    "(('prospect_both_50_1_ec_av_source', 'MiddleInitial'), ('prospect_both_50_1_ec_av_target', 'MaritalStatus'))": 0.09615384615384616,
    "(('prospect_both_50_1_ec_av_source', 'State'), ('prospect_both_50_1_ec_av_target', 'MaritalStatus'))": 0.08196721311475409,
    "(('prospect_both_50_1_ec_av_source', 'PostalCode'), ('prospect_both_50_1_ec_av_target', 'CreditRating'))": 0.08061448427212875,
    "(('prospect_both_50_1_ec_av_source', 'Gender'), ('prospect_both_50_1_ec_av_target', 'OwnOrRentFlag'))": 0.06666666666666667,
    "(('prospect_both_50_1_ec_av_source', 'MiddleInitial'), ('prospect_both_50_1_ec_av_target', 'OwnOrRentFlag'))": 0.057692307692307696,
    "(('prospect_both_50_1_ec_av_source', 'State'), ('prospect_both_50_1_ec_av_target', 'OwnOrRentFlag'))": 0.04918032786885246,
    "(('prospect_both_50_1_ec_av_source', 'LastName'), ('prospect_both_50_1_ec_av_target', 'Employer'))": 0.04330608073582013,
    "(('prospect_both_50_1_ec_av_source', 'AgencyID'), ('prospect_both_50_1_ec_av_target', 'CreditRating'))": 0.04252009333679025,
    "(('prospect_both_50_1_ec_av_source', 'FirstName'), ('prospect_both_50_1_ec_av_target', 'Employer'))": 0.04029541331951283,
    "(('prospect_both_50_1_ec_av_source', 'AgencyID'), ('prospect_both_50_1_ec_av_target', 'Income'))": 0.030874785591766724,
    "(('prospect_both_50_1_ec_av_source', 'FirstName'), ('prospect_both_50_1_ec_av_target', 'AgencyID'))": 0.020161965931304104,
    "(('prospect_both_50_1_ec_av_source', 'AgencyID'), ('prospect_both_50_1_ec_av_target', 'NetWorth'))": 0.015948784185994273,
    "(('prospect_both_50_1_ec_av_source', 'LastName'), ('prospect_both_50_1_ec_av_target', 'AgencyID'))": 0.015617239666685061,
    "(('prospect_both_50_1_ec_av_source', 'State'), ('prospect_both_50_1_ec_av_target', 'Employer'))": 0.01532567049808429,
    "(('prospect_both_50_1_ec_av_source', 'PostalCode'), ('prospect_both_50_1_ec_av_target', 'Age'))": 0.013294375456537619,
    "(('prospect_both_50_1_ec_av_source', 'AddressLine2'), ('prospect_both_50_1_ec_av_target', 'AgencyID'))": 0.009908698421685895,
    "(('prospect_both_50_1_ec_av_source', 'AgencyID'), ('prospect_both_50_1_ec_av_target', 'Age'))": 0.009171872923036024,
    "(('prospect_both_50_1_ec_av_source', 'PostalCode'), ('prospect_both_50_1_ec_av_target', 'Employer'))": 0.007458847736625514,
    "(('prospect_both_50_1_ec_av_source', 'Gender'), ('prospect_both_50_1_ec_av_target', 'Employer'))": 0.004812319538017324,
    "(('prospect_both_50_1_ec_av_source', 'MiddleInitial'), ('prospect_both_50_1_ec_av_target', 'Employer'))": 0.004780114722753346,
    "(('prospect_both_50_1_ec_av_source', 'AddressLine1'), ('prospect_both_50_1_ec_av_target', 'Employer'))": 0.003801169590643275,
    "(('prospect_both_50_1_ec_av_source', 'AgencyID'), ('prospect_both_50_1_ec_av_target', 'Employer'))": 0.0030718336483931945,
    "(('prospect_both_50_1_ec_av_source', 'AddressLine2'), ('prospect_both_50_1_ec_av_target', 'Employer'))": 0.0019880715705765406,
    "(('prospect_both_50_1_ec_av_source', 'Country'), ('prospect_both_50_1_ec_av_target', 'Employer'))": 0.001,
    "(('prospect_both_50_1_ec_av_source', 'City'), ('prospect_both_50_1_ec_av_target', 'AgencyID'))": 0.0006086427267194157,
    "(('prospect_both_50_1_ec_av_source', 'LastName'), ('prospect_both_50_1_ec_av_target', 'MaritalStatus'))": 0.0005579578741804993,
    "(('prospect_both_50_1_ec_av_source', 'FirstName'), ('prospect_both_50_1_ec_av_target', 'MaritalStatus'))": 0.0004266211604095563,
    "(('prospect_both_50_1_ec_av_source', 'FirstName'), ('prospect_both_50_1_ec_av_target', 'OwnOrRentFlag'))": 0.0002844545583842981,
    "(('prospect_both_50_1_ec_av_source', 'LastName'), ('prospect_both_50_1_ec_av_target', 'OwnOrRentFlag'))": 0.0002789789370902497,
    "(('prospect_both_50_1_ec_av_source', 'PostalCode'), ('prospect_both_50_1_ec_av_target', 'NumberCreditCards'))": 0.00014609203798392987,
    "(('prospect_both_50_1_ec_av_source', 'AgencyID'), ('prospect_both_50_1_ec_av_target', 'NumberCreditCards'))": 0.0001333155579256099
  },
  "metrics": {
    "precision": 0.2,
    "recall": 1.0,
    "f1_score": 0.33333333333333337,
    "precision_at_10_percent": 0.25,
    "precision_at_20_percent": 0.125,
    "precision_at_30_percent": 0.08333333333333333,
    "precision_at_40_percent": 0.06666666666666667,
    "precision_at_50_percent": 0.05263157894736842,
    "precision_at_60_percent": 0.043478260869565216,
    "precision_at_70_percent": 0.038461538461538464,
    "precision_at_80_percent": 0.03333333333333333,
    "precision_at_90_percent": 0.029411764705882353,
    "recall_at_sizeof_ground_truth": 1.0
  },
  "run_times": {
    "total_time": 1121.1933943249987,
    "algorithm_time": 1120.7399162389993
  }
}