{
  "name": "prospect_both_0_1_ac3_ev__JaccardLevenMatcher{'threshold_leven': 0.5, 'process_num': 4}",
  "matches": {
    "(('prospect_both_0_1_ac3_ev_source', 'AgencyID'), ('prospect_both_0_1_ac3_ev_target', 'gncd'))": 0.9991993594875901,
    "(('prospect_both_0_1_ac3_ev_source', 'AgencyID'), ('prospect_both_0_1_ac3_ev_target', 'ntwrth'))": 0.9376830892143808,
    "(('prospect_both_0_1_ac3_ev_source', 'AgencyID'), ('prospect_both_0_1_ac3_ev_target', 'ncm'))": 0.9339007846788137,
    "(('prospect_both_0_1_ac3_ev_source', 'PostalCode'), ('prospect_both_0_1_ac3_ev_target', 'gncd'))": 0.4149135802469136,
    "(('prospect_both_0_1_ac3_ev_source', 'City'), ('prospect_both_0_1_ac3_ev_target', 'mplr'))": 0.24852652259332023,
    "(('prospect_both_0_1_ac3_ev_source', 'PostalCode'), ('prospect_both_0_1_ac3_ev_target', 'ncm'))": 0.2235636235459993,
    "(('prospect_both_0_1_ac3_ev_source', 'PostalCode'), ('prospect_both_0_1_ac3_ev_target', 'ntwrth'))": 0.22334712562725592,
    "(('prospect_both_0_1_ac3_ev_source', 'PostalCode'), ('prospect_both_0_1_ac3_ev_target', 'phn'))": 0.22232933134694594,
    "(('prospect_both_0_1_ac3_ev_source', 'Gender'), ('prospect_both_0_1_ac3_ev_target', 'mrtlstts'))": 0.1111111111111111,
    "(('prospect_both_0_1_ac3_ev_source', 'LastName'), ('prospect_both_0_1_ac3_ev_target', 'mplr'))": 0.09919246298788695,
    "(('prospect_both_0_1_ac3_ev_source', 'MiddleInitial'), ('prospect_both_0_1_ac3_ev_target', 'mrtlstts'))": 0.09615384615384616,
    "(('prospect_both_0_1_ac3_ev_source', 'FirstName'), ('prospect_both_0_1_ac3_ev_target', 'mplr'))": 0.09193526451788386,
    "(('prospect_both_0_1_ac3_ev_source', 'State'), ('prospect_both_0_1_ac3_ev_target', 'mrtlstts'))": 0.08196721311475409,
    "(('prospect_both_0_1_ac3_ev_source', 'PostalCode'), ('prospect_both_0_1_ac3_ev_target', 'crdtrtng'))": 0.08061448427212875,
    "(('prospect_both_0_1_ac3_ev_source', 'AgencyID'), ('prospect_both_0_1_ac3_ev_target', 'crdtrtng'))": 0.07355493258576959,
    "(('prospect_both_0_1_ac3_ev_source', 'Gender'), ('prospect_both_0_1_ac3_ev_target', 'wnrrntflg'))": 0.06666666666666667,
    "(('prospect_both_0_1_ac3_ev_source', 'MiddleInitial'), ('prospect_both_0_1_ac3_ev_target', 'wnrrntflg'))": 0.057692307692307696,
    "(('prospect_both_0_1_ac3_ev_source', 'State'), ('prospect_both_0_1_ac3_ev_target', 'wnrrntflg'))": 0.04918032786885246,
    "(('prospect_both_0_1_ac3_ev_source', 'FirstName'), ('prospect_both_0_1_ac3_ev_target', 'gncd'))": 0.04512739311933209,
    "(('prospect_both_0_1_ac3_ev_source', 'PostalCode'), ('prospect_both_0_1_ac3_ev_target', 'mplr'))": 0.044533333333333334,
    "(('prospect_both_0_1_ac3_ev_source', 'State'), ('prospect_both_0_1_ac3_ev_target', 'mplr'))": 0.0392156862745098,
    "(('prospect_both_0_1_ac3_ev_source', 'AddressLine2'), ('prospect_both_0_1_ac3_ev_target', 'gncd'))": 0.038279400157853194,
    "(('prospect_both_0_1_ac3_ev_source', 'AddressLine1'), ('prospect_both_0_1_ac3_ev_target', 'mplr'))": 0.03716012084592145,
    "(('prospect_both_0_1_ac3_ev_source', 'LastName'), ('prospect_both_0_1_ac3_ev_target', 'gncd'))": 0.028846153846153848,
    "(('prospect_both_0_1_ac3_ev_source', 'AddressLine2'), ('prospect_both_0_1_ac3_ev_target', 'mplr'))": 0.027522935779816515,
    "(('prospect_both_0_1_ac3_ev_source', 'MiddleInitial'), ('prospect_both_0_1_ac3_ev_target', 'mplr'))": 0.025365853658536587,
    "(('prospect_both_0_1_ac3_ev_source', 'Gender'), ('prospect_both_0_1_ac3_ev_target', 'mplr'))": 0.023529411764705882,
    "(('prospect_both_0_1_ac3_ev_source', 'AgencyID'), ('prospect_both_0_1_ac3_ev_target', 'mplr'))": 0.014821898159215873,
    "(('prospect_both_0_1_ac3_ev_source', 'PostalCode'), ('prospect_both_0_1_ac3_ev_target', 'g'))": 0.014776883686905632,
    "(('prospect_both_0_1_ac3_ev_source', 'AgencyID'), ('prospect_both_0_1_ac3_ev_target', 'g'))": 0.013347570742124934,
    "(('prospect_both_0_1_ac3_ev_source', 'AddressLine2'), ('prospect_both_0_1_ac3_ev_target', 'g'))": 0.006745904272406039,
    "(('prospect_both_0_1_ac3_ev_source', 'Country'), ('prospect_both_0_1_ac3_ev_target', 'mplr'))": 0.002002002002002002,
    "(('prospect_both_0_1_ac3_ev_source', 'PostalCode'), ('prospect_both_0_1_ac3_ev_target', 'nmbrcrdtcrds'))": 0.0016093635698610094,
    "(('prospect_both_0_1_ac3_ev_source', 'City'), ('prospect_both_0_1_ac3_ev_target', 'gncd'))": 0.0014189886480908153,
    "(('prospect_both_0_1_ac3_ev_source', 'AgencyID'), ('prospect_both_0_1_ac3_ev_target', 'nmbrcrdtcrds'))": 0.0013347570742124934,
    "(('prospect_both_0_1_ac3_ev_source', 'AddressLine1'), ('prospect_both_0_1_ac3_ev_target', 'gncd'))": 0.0011241849658997227,
    "(('prospect_both_0_1_ac3_ev_source', 'PostalCode'), ('prospect_both_0_1_ac3_ev_target', 'nmbrcrs'))": 0.0008778346744696416,
    "(('prospect_both_0_1_ac3_ev_source', 'PostalCode'), ('prospect_both_0_1_ac3_ev_target', 'nmbrchldrn'))": 0.0008778346744696416,
    "(('prospect_both_0_1_ac3_ev_source', 'FirstName'), ('prospect_both_0_1_ac3_ev_target', 'mrtlstts'))": 0.0007112375533428165,
    "(('prospect_both_0_1_ac3_ev_source', 'LastName'), ('prospect_both_0_1_ac3_ev_target', 'mrtlstts'))": 0.0006975446428571429,
    "(('prospect_both_0_1_ac3_ev_source', 'AgencyID'), ('prospect_both_0_1_ac3_ev_target', 'nmbrcrs'))": 0.0006673785371062467,
    "(('prospect_both_0_1_ac3_ev_source', 'AgencyID'), ('prospect_both_0_1_ac3_ev_target', 'nmbrchldrn'))": 0.0006673785371062467,
    "(('prospect_both_0_1_ac3_ev_source', 'FirstName'), ('prospect_both_0_1_ac3_ev_target', 'wnrrntflg'))": 0.0004267425320056899,
    "(('prospect_both_0_1_ac3_ev_source', 'LastName'), ('prospect_both_0_1_ac3_ev_target', 'wnrrntflg'))": 0.0004185267857142857,
    "(('prospect_both_0_1_ac3_ev_source', 'AddressLine2'), ('prospect_both_0_1_ac3_ev_target', 'ncm'))": 0.00029761904761904765,
    "(('prospect_both_0_1_ac3_ev_source', 'AddressLine1'), ('prospect_both_0_1_ac3_ev_target', 'ntwrth'))": 0.0002321083172147002
  },
  "metrics": {
    "precision": 0.2,
    "recall": 1.0,
    "f1_score": 0.33333333333333337,
    "precision_at_10_percent": 0.2,
    "precision_at_20_percent": 0.1,
    "precision_at_30_percent": 0.07142857142857142,
    "precision_at_40_percent": 0.05263157894736842,
    "precision_at_50_percent": 0.043478260869565216,
    "precision_at_60_percent": 0.03571428571428571,
    "precision_at_70_percent": 0.030303030303030304,
    "precision_at_80_percent": 0.02702702702702703,
    "precision_at_90_percent": 0.023809523809523808,
    "recall_at_sizeof_ground_truth": 1.0
  },
  "run_times": {
    "total_time": 190.13718368099944,
    "algorithm_time": 190.0510532440021
  }
}