{
  "name": "prospect_vertical_30_ac3_ev__JaccardLevenMatcher{'threshold_leven': 0.8, 'process_num': 4}",
  "matches": {
    "(('prospect_vertical_30_ac3_ev_source', 'AgencyID'), ('prospect_vertical_30_ac3_ev_target', 'gncd'))": 1.0,
    "(('prospect_vertical_30_ac3_ev_source', 'AddressLine1'), ('prospect_vertical_30_ac3_ev_target', 'ddrssln1'))": 1.0,
    "(('prospect_vertical_30_ac3_ev_source', 'NumberCars'), ('prospect_vertical_30_ac3_ev_target', 'nmbrcrs'))": 1.0,
    "(('prospect_vertical_30_ac3_ev_source', 'NumberCars'), ('prospect_vertical_30_ac3_ev_target', 'nmbrchldrn'))": 1.0,
    "(('prospect_vertical_30_ac3_ev_source', 'OwnOrRentFlag'), ('prospect_vertical_30_ac3_ev_target', 'wnrrntflg'))": 1.0,
    "(('prospect_vertical_30_ac3_ev_source', 'Gender'), ('prospect_vertical_30_ac3_ev_target', 'gndr'))": 1.0,
    "(('prospect_vertical_30_ac3_ev_source', 'LastName'), ('prospect_vertical_30_ac3_ev_target', 'lstnm'))": 1.0,
    "(('prospect_vertical_30_ac3_ev_source', 'MiddleInitial'), ('prospect_vertical_30_ac3_ev_target', 'gndr'))": 0.9433962264150944,
    "(('prospect_vertical_30_ac3_ev_source', 'NumberCars'), ('prospect_vertical_30_ac3_ev_target', 'nmbrcrdtcrds'))": 0.5454545454545454,
    "(('prospect_vertical_30_ac3_ev_source', 'OwnOrRentFlag'), ('prospect_vertical_30_ac3_ev_target', 'mrtlstts'))": 0.14285714285714285,
    "(('prospect_vertical_30_ac3_ev_source', 'Gender'), ('prospect_vertical_30_ac3_ev_target', 'mrtlstts'))": 0.09803921568627451,
    "(('prospect_vertical_30_ac3_ev_source', 'MiddleInitial'), ('prospect_vertical_30_ac3_ev_target', 'mrtlstts'))": 0.09615384615384616,
    "(('prospect_vertical_30_ac3_ev_source', 'NumberCars'), ('prospect_vertical_30_ac3_ev_target', 'g'))": 0.0594059405940594,
    "(('prospect_vertical_30_ac3_ev_source', 'OwnOrRentFlag'), ('prospect_vertical_30_ac3_ev_target', 'gndr'))": 0.058823529411764705,
    "(('prospect_vertical_30_ac3_ev_source', 'Gender'), ('prospect_vertical_30_ac3_ev_target', 'wnrrntflg'))": 0.058823529411764705,
    "(('prospect_vertical_30_ac3_ev_source', 'MiddleInitial'), ('prospect_vertical_30_ac3_ev_target', 'wnrrntflg'))": 0.057692307692307696,
    "(('prospect_vertical_30_ac3_ev_source', 'FirstName'), ('prospect_vertical_30_ac3_ev_target', 'lstnm'))": 0.026236196103256663,
    "(('prospect_vertical_30_ac3_ev_source', 'PostalCode'), ('prospect_vertical_30_ac3_ev_target', 'crdtrtng'))": 0.01948962422882782,
    "(('prospect_vertical_30_ac3_ev_source', 'PostalCode'), ('prospect_vertical_30_ac3_ev_target', 'ncm'))": 0.008753602305475503,
    "(('prospect_vertical_30_ac3_ev_source', 'State'), ('prospect_vertical_30_ac3_ev_target', 'mplr'))": 0.008563273073263558,
    "(('prospect_vertical_30_ac3_ev_source', 'City'), ('prospect_vertical_30_ac3_ev_target', 'mplr'))": 0.006334125098970704,
    "(('prospect_vertical_30_ac3_ev_source', 'City'), ('prospect_vertical_30_ac3_ev_target', 'lstnm'))": 0.0028208744710860366,
    "(('prospect_vertical_30_ac3_ev_source', 'LastName'), ('prospect_vertical_30_ac3_ev_target', 'mplr'))": 0.0020478689363880712,
    "(('prospect_vertical_30_ac3_ev_source', 'FirstName'), ('prospect_vertical_30_ac3_ev_target', 'mplr'))": 0.0018720547414627848,
    "(('prospect_vertical_30_ac3_ev_source', 'PostalCode'), ('prospect_vertical_30_ac3_ev_target', 'ntwrth'))": 0.0012804552729859505,
    "(('prospect_vertical_30_ac3_ev_source', 'PostalCode'), ('prospect_vertical_30_ac3_ev_target', 'lstnm'))": 0.0012581253931641854,
    "(('prospect_vertical_30_ac3_ev_source', 'State'), ('prospect_vertical_30_ac3_ev_target', 'lstnm'))": 0.00040777490825064566,
    "(('prospect_vertical_30_ac3_ev_source', 'NumberCars'), ('prospect_vertical_30_ac3_ev_target', 'ncm'))": 0.00021405636817695327,
    "(('prospect_vertical_30_ac3_ev_source', 'FirstName'), ('prospect_vertical_30_ac3_ev_target', 'ddrssln1'))": 0.0001456346027816209,
    "(('prospect_vertical_30_ac3_ev_source', 'AddressLine2'), ('prospect_vertical_30_ac3_ev_target', 'lstnm'))": 0.00012094335819391252,
    "(('prospect_vertical_30_ac3_ev_source', 'AddressLine1'), ('prospect_vertical_30_ac3_ev_target', 'lstnm'))": 0.00010867596449918493,
    "(('prospect_vertical_30_ac3_ev_source', 'LastName'), ('prospect_vertical_30_ac3_ev_target', 'ddrssln1'))": 0.00010867596449918493,
    "(('prospect_vertical_30_ac3_ev_source', 'PostalCode'), ('prospect_vertical_30_ac3_ev_target', 'g'))": 7.096728408203818e-05,
    "(('prospect_vertical_30_ac3_ev_source', 'Country'), ('prospect_vertical_30_ac3_ev_target', 'lstnm'))": 6.821282401091406e-05,
    "(('prospect_vertical_30_ac3_ev_source', 'PostalCode'), ('prospect_vertical_30_ac3_ev_target', 'mplr'))": 6.671559143371805e-05,
    "(('prospect_vertical_30_ac3_ev_source', 'PostalCode'), ('prospect_vertical_30_ac3_ev_target', 'ddrssln1'))": 3.7120902780355616e-05,
    "(('prospect_vertical_30_ac3_ev_source', 'FirstName'), ('prospect_vertical_30_ac3_ev_target', 'gncd'))": 3.3896007050369466e-05
  },
  "metrics": {
    "precision": 0.6666666666666666,
    "recall": 1.0,
    "f1_score": 0.8,
    "precision_at_10_percent": 0.75,
    "precision_at_20_percent": 0.75,
    "precision_at_30_percent": 0.5,
    "precision_at_40_percent": 0.4,
    "precision_at_50_percent": 0.3157894736842105,
    "precision_at_60_percent": 0.2608695652173913,
    "precision_at_70_percent": 0.23076923076923078,
    "precision_at_80_percent": 0.2,
    "precision_at_90_percent": 0.17647058823529413,
    "recall_at_sizeof_ground_truth": 0.8333333333333334
  },
  "run_times": {
    "total_time": 3959.3495441779996,
    "algorithm_time": 3958.3517938820005
  }
}