{
  "name": "prospect_both_0_30_ac4_av__JaccardLevenMatcher{'threshold_leven': 0.8, 'process_num': 4}",
  "matches": {
    "(('prospect_both_0_30_ac4_av_source', 'MiddleInitial'), ('prospect_both_0_30_ac4_av_target', 'prospect_MiIni'))": 1.0,
    "(('prospect_both_0_30_ac4_av_source', 'OwnOrRentFlag'), ('prospect_both_0_30_ac4_av_target', 'prospect_OOReF'))": 1.0,
    "(('prospect_both_0_30_ac4_av_source', 'Gender'), ('prospect_both_0_30_ac4_av_target', 'prospect_MiIni'))": 0.8301886792452831,
    "(('prospect_both_0_30_ac4_av_source', 'NumberCreditCards'), ('prospect_both_0_30_ac4_av_target', 'prospect_NuCreCa'))": 0.4782608695652174,
    "(('prospect_both_0_30_ac4_av_source', 'NumberCreditCards'), ('prospect_both_0_30_ac4_av_target', 'prospect_NuCa'))": 0.2608695652173913,
    "(('prospect_both_0_30_ac4_av_source', 'NumberCreditCards'), ('prospect_both_0_30_ac4_av_target', 'prospect_NumCh'))": 0.2608695652173913,
    "(('prospect_both_0_30_ac4_av_source', 'NumberCreditCards'), ('prospect_both_0_30_ac4_av_target', 'prospect_A'))": 0.22772277227722773,
    "(('prospect_both_0_30_ac4_av_source', 'OwnOrRentFlag'), ('prospect_both_0_30_ac4_av_target', 'prospect_MariSta'))": 0.14285714285714285,
    "(('prospect_both_0_30_ac4_av_source', 'Gender'), ('prospect_both_0_30_ac4_av_target', 'prospect_MariSta'))": 0.1111111111111111,
    "(('prospect_both_0_30_ac4_av_source', 'MiddleInitial'), ('prospect_both_0_30_ac4_av_target', 'prospect_MariSta'))": 0.09615384615384616,
    "(('prospect_both_0_30_ac4_av_source', 'Gender'), ('prospect_both_0_30_ac4_av_target', 'prospect_OOReF'))": 0.06666666666666667,
    "(('prospect_both_0_30_ac4_av_source', 'MiddleInitial'), ('prospect_both_0_30_ac4_av_target', 'prospect_OOReF'))": 0.057692307692307696,
    "(('prospect_both_0_30_ac4_av_source', 'OwnOrRentFlag'), ('prospect_both_0_30_ac4_av_target', 'prospect_MiIni'))": 0.057692307692307696,
    "(('prospect_both_0_30_ac4_av_source', 'PostalCode'), ('prospect_both_0_30_ac4_av_target', 'prospect_CreRa'))": 0.03911086100168824,
    "(('prospect_both_0_30_ac4_av_source', 'NumberCreditCards'), ('prospect_both_0_30_ac4_av_target', 'prospect_CreRa'))": 0.023172905525846704,
    "(('prospect_both_0_30_ac4_av_source', 'PostalCode'), ('prospect_both_0_30_ac4_av_target', 'prospect_Inc'))": 0.009891628482071424,
    "(('prospect_both_0_30_ac4_av_source', 'State'), ('prospect_both_0_30_ac4_av_target', 'prospect_Emp'))": 0.008563273073263558,
    "(('prospect_both_0_30_ac4_av_source', 'City'), ('prospect_both_0_30_ac4_av_target', 'prospect_Emp'))": 0.006334125098970704,
    "(('prospect_both_0_30_ac4_av_source', 'AgencyID'), ('prospect_both_0_30_ac4_av_target', 'prospect_AgID'))": 0.005705846814794925,
    "(('prospect_both_0_30_ac4_av_source', 'FirstName'), ('prospect_both_0_30_ac4_av_target', 'prospect_Emp'))": 0.003625,
    "(('prospect_both_0_30_ac4_av_source', 'NumberCreditCards'), ('prospect_both_0_30_ac4_av_target', 'prospect_Inc'))": 0.0022672523735298286,
    "(('prospect_both_0_30_ac4_av_source', 'LastName'), ('prospect_both_0_30_ac4_av_target', 'prospect_Emp'))": 0.0017772511848341231,
    "(('prospect_both_0_30_ac4_av_source', 'PostalCode'), ('prospect_both_0_30_ac4_av_target', 'prospect_NWo'))": 0.0012248721089415664,
    "(('prospect_both_0_30_ac4_av_source', 'LastName'), ('prospect_both_0_30_ac4_av_target', 'prospect_LaNa'))": 0.000669478476266988,
    "(('prospect_both_0_30_ac4_av_source', 'FirstName'), ('prospect_both_0_30_ac4_av_target', 'prospect_LaNa'))": 0.00034444750620005513,
    "(('prospect_both_0_30_ac4_av_source', 'PostalCode'), ('prospect_both_0_30_ac4_av_target', 'prospect_LaNa'))": 0.0002094533268170076,
    "(('prospect_both_0_30_ac4_av_source', 'PostalCode'), ('prospect_both_0_30_ac4_av_target', 'prospect_A'))": 0.00014419610670511897,
    "(('prospect_both_0_30_ac4_av_source', 'FirstName'), ('prospect_both_0_30_ac4_av_target', 'prospect_AddrLi1'))": 7.086669973779322e-05,
    "(('prospect_both_0_30_ac4_av_source', 'LastName'), ('prospect_both_0_30_ac4_av_target', 'prospect_AddrLi1'))": 6.878998417830364e-05,
    "(('prospect_both_0_30_ac4_av_source', 'AgencyID'), ('prospect_both_0_30_ac4_av_target', 'prospect_LaNa'))": 6.675121820973233e-05
  },
  "metrics": {
    "precision": 0.5,
    "recall": 0.5,
    "f1_score": 0.5,
    "precision_at_10_percent": 0.6666666666666666,
    "precision_at_20_percent": 0.5,
    "precision_at_30_percent": 0.3333333333333333,
    "precision_at_40_percent": 0.25,
    "precision_at_50_percent": 0.2,
    "precision_at_60_percent": 0.16666666666666666,
    "precision_at_70_percent": 0.19047619047619047,
    "precision_at_80_percent": 0.20833333333333334,
    "precision_at_90_percent": 0.18518518518518517,
    "recall_at_sizeof_ground_truth": 0.5
  },
  "run_times": {
    "total_time": 1438.7159612939995,
    "algorithm_time": 1438.4990296429987
  }
}