{
  "name": "prospect_vertical_30_ec_ev__JaccardLevenMatcher{'threshold_leven': 0.7, 'process_num': 4}",
  "matches": {
    "(('prospect_vertical_30_ec_ev_source', 'AgencyID'), ('prospect_vertical_30_ec_ev_target', 'AgencyID'))": 1.0,
    "(('prospect_vertical_30_ec_ev_source', 'Employer'), ('prospect_vertical_30_ec_ev_target', 'Employer'))": 1.0,
    "(('prospect_vertical_30_ec_ev_source', 'City'), ('prospect_vertical_30_ec_ev_target', 'City'))": 1.0,
    "(('prospect_vertical_30_ec_ev_source', 'NumberCreditCards'), ('prospect_vertical_30_ec_ev_target', 'NumberCreditCards'))": 1.0,
    "(('prospect_vertical_30_ec_ev_source', 'Gender'), ('prospect_vertical_30_ec_ev_target', 'Gender'))": 1.0,
    "(('prospect_vertical_30_ec_ev_source', 'MiddleInitial'), ('prospect_vertical_30_ec_ev_target', 'MiddleInitial'))": 1.0,
    "(('prospect_vertical_30_ec_ev_source', 'Gender'), ('prospect_vertical_30_ec_ev_target', 'MiddleInitial'))": 0.9433962264150944,
    "(('prospect_vertical_30_ec_ev_source', 'MiddleInitial'), ('prospect_vertical_30_ec_ev_target', 'Gender'))": 0.9433962264150944,
    "(('prospect_vertical_30_ec_ev_source', 'NumberCreditCards'), ('prospect_vertical_30_ec_ev_target', 'NumberCars'))": 0.5454545454545454,
    "(('prospect_vertical_30_ec_ev_source', 'NumberCreditCards'), ('prospect_vertical_30_ec_ev_target', 'NumberChildren'))": 0.5454545454545454,
    "(('prospect_vertical_30_ec_ev_source', 'NumberCreditCards'), ('prospect_vertical_30_ec_ev_target', 'Age'))": 0.10891089108910891,
    "(('prospect_vertical_30_ec_ev_source', 'Gender'), ('prospect_vertical_30_ec_ev_target', 'MaritalStatus'))": 0.09803921568627451,
    "(('prospect_vertical_30_ec_ev_source', 'MiddleInitial'), ('prospect_vertical_30_ec_ev_target', 'MaritalStatus'))": 0.09615384615384616,
    "(('prospect_vertical_30_ec_ev_source', 'PostalCode'), ('prospect_vertical_30_ec_ev_target', 'NetWorth'))": 0.06725556355916139,
    "(('prospect_vertical_30_ec_ev_source', 'Gender'), ('prospect_vertical_30_ec_ev_target', 'OwnOrRentFlag'))": 0.058823529411764705,
    "(('prospect_vertical_30_ec_ev_source', 'MiddleInitial'), ('prospect_vertical_30_ec_ev_target', 'OwnOrRentFlag'))": 0.057692307692307696,
    "(('prospect_vertical_30_ec_ev_source', 'PostalCode'), ('prospect_vertical_30_ec_ev_target', 'Income'))": 0.05219057638836702,
    "(('prospect_vertical_30_ec_ev_source', 'Employer'), ('prospect_vertical_30_ec_ev_target', 'City'))": 0.020883534136546186,
    "(('prospect_vertical_30_ec_ev_source', 'City'), ('prospect_vertical_30_ec_ev_target', 'Employer'))": 0.020883534136546186,
    "(('prospect_vertical_30_ec_ev_source', 'NumberCreditCards'), ('prospect_vertical_30_ec_ev_target', 'CreditRating'))": 0.019963702359346643,
    "(('prospect_vertical_30_ec_ev_source', 'PostalCode'), ('prospect_vertical_30_ec_ev_target', 'CreditRating'))": 0.01948962422882782,
    "(('prospect_vertical_30_ec_ev_source', 'State'), ('prospect_vertical_30_ec_ev_target', 'Employer'))": 0.009523809523809525,
    "(('prospect_vertical_30_ec_ev_source', 'FirstName'), ('prospect_vertical_30_ec_ev_target', 'City'))": 0.008521952549768202,
    "(('prospect_vertical_30_ec_ev_source', 'FirstName'), ('prospect_vertical_30_ec_ev_target', 'Employer'))": 0.00759592287216776,
    "(('prospect_vertical_30_ec_ev_source', 'LastName'), ('prospect_vertical_30_ec_ev_target', 'Employer'))": 0.007463646892291854,
    "(('prospect_vertical_30_ec_ev_source', 'LastName'), ('prospect_vertical_30_ec_ev_target', 'City'))": 0.0066068900424728644,
    "(('prospect_vertical_30_ec_ev_source', 'State'), ('prospect_vertical_30_ec_ev_target', 'City'))": 0.006042296072507553,
    "(('prospect_vertical_30_ec_ev_source', 'PostalCode'), ('prospect_vertical_30_ec_ev_target', 'AgencyID'))": 0.004437510833766684,
    "(('prospect_vertical_30_ec_ev_source', 'AddressLine2'), ('prospect_vertical_30_ec_ev_target', 'AgencyID'))": 0.0008761798558285874,
    "(('prospect_vertical_30_ec_ev_source', 'PostalCode'), ('prospect_vertical_30_ec_ev_target', 'Employer'))": 0.0008011750567498998,
    "(('prospect_vertical_30_ec_ev_source', 'NumberCreditCards'), ('prospect_vertical_30_ec_ev_target', 'Income'))": 0.0007850413930916357,
    "(('prospect_vertical_30_ec_ev_source', 'AgencyID'), ('prospect_vertical_30_ec_ev_target', 'Income'))": 0.0004830917874396135,
    "(('prospect_vertical_30_ec_ev_source', 'AddressLine2'), ('prospect_vertical_30_ec_ev_target', 'Employer'))": 0.0003589375448671931,
    "(('prospect_vertical_30_ec_ev_source', 'FirstName'), ('prospect_vertical_30_ec_ev_target', 'AgencyID'))": 0.00030514680952058046,
    "(('prospect_vertical_30_ec_ev_source', 'PostalCode'), ('prospect_vertical_30_ec_ev_target', 'City'))": 0.0002805245809664072,
    "(('prospect_vertical_30_ec_ev_source', 'AddressLine1'), ('prospect_vertical_30_ec_ev_target', 'Employer'))": 0.00021513087128002868,
    "(('prospect_vertical_30_ec_ev_source', 'LastName'), ('prospect_vertical_30_ec_ev_target', 'AgencyID'))": 0.00016871372654879202,
    "(('prospect_vertical_30_ec_ev_source', 'AddressLine2'), ('prospect_vertical_30_ec_ev_target', 'City'))": 9.596928982725528e-05,
    "(('prospect_vertical_30_ec_ev_source', 'PostalCode'), ('prospect_vertical_30_ec_ev_target', 'Age'))": 7.096728408203818e-05,
    "(('prospect_vertical_30_ec_ev_source', 'NumberCreditCards'), ('prospect_vertical_30_ec_ev_target', 'NetWorth'))": 7.057163020465773e-05,
    "(('prospect_vertical_30_ec_ev_source', 'AgencyID'), ('prospect_vertical_30_ec_ev_target', 'CreditRating'))": 6.438320885912955e-05
  },
  "metrics": {
    "precision": 0.8571428571428571,
    "recall": 1.0,
    "f1_score": 0.923076923076923,
    "precision_at_10_percent": 1.0,
    "precision_at_20_percent": 0.6666666666666666,
    "precision_at_30_percent": 0.46153846153846156,
    "precision_at_40_percent": 0.35294117647058826,
    "precision_at_50_percent": 0.2857142857142857,
    "precision_at_60_percent": 0.24,
    "precision_at_70_percent": 0.20689655172413793,
    "precision_at_80_percent": 0.18181818181818182,
    "precision_at_90_percent": 0.16216216216216217,
    "recall_at_sizeof_ground_truth": 1.0
  },
  "run_times": {
    "total_time": 1987.6149964939978,
    "algorithm_time": 1987.1850921219993
  }
}