{
  "name": "prospect_both_0_1_ac1_ev__JaccardLevenMatcher{'threshold_leven': 0.6, 'process_num': 4}",
  "matches": {
    "(('prospect_both_0_1_ac1_ev_source', 'AgencyID'), ('prospect_both_0_1_ac1_ev_target', 'prospect_AgencyID'))": 0.5448546091977727,
    "(('prospect_both_0_1_ac1_ev_source', 'PostalCode'), ('prospect_both_0_1_ac1_ev_target', 'prospect_Income'))": 0.2235636235459993,
    "(('prospect_both_0_1_ac1_ev_source', 'PostalCode'), ('prospect_both_0_1_ac1_ev_target', 'prospect_NetWorth'))": 0.22334712562725592,
    "(('prospect_both_0_1_ac1_ev_source', 'PostalCode'), ('prospect_both_0_1_ac1_ev_target', 'prospect_AgencyID'))": 0.2097618645499071,
    "(('prospect_both_0_1_ac1_ev_source', 'Gender'), ('prospect_both_0_1_ac1_ev_target', 'prospect_MaritalStatus'))": 0.1111111111111111,
    "(('prospect_both_0_1_ac1_ev_source', 'City'), ('prospect_both_0_1_ac1_ev_target', 'prospect_Employer'))": 0.10810810810810811,
    "(('prospect_both_0_1_ac1_ev_source', 'MiddleInitial'), ('prospect_both_0_1_ac1_ev_target', 'prospect_MaritalStatus'))": 0.09615384615384616,
    "(('prospect_both_0_1_ac1_ev_source', 'State'), ('prospect_both_0_1_ac1_ev_target', 'prospect_MaritalStatus'))": 0.08196721311475409,
    "(('prospect_both_0_1_ac1_ev_source', 'PostalCode'), ('prospect_both_0_1_ac1_ev_target', 'prospect_CreditRating'))": 0.08061448427212875,
    "(('prospect_both_0_1_ac1_ev_source', 'Gender'), ('prospect_both_0_1_ac1_ev_target', 'prospect_OwnOrRentFlag'))": 0.06666666666666667,
    "(('prospect_both_0_1_ac1_ev_source', 'AgencyID'), ('prospect_both_0_1_ac1_ev_target', 'prospect_CreditRating'))": 0.059272918861959956,
    "(('prospect_both_0_1_ac1_ev_source', 'MiddleInitial'), ('prospect_both_0_1_ac1_ev_target', 'prospect_OwnOrRentFlag'))": 0.057692307692307696,
    "(('prospect_both_0_1_ac1_ev_source', 'State'), ('prospect_both_0_1_ac1_ev_target', 'prospect_OwnOrRentFlag'))": 0.04918032786885246,
    "(('prospect_both_0_1_ac1_ev_source', 'LastName'), ('prospect_both_0_1_ac1_ev_target', 'prospect_Employer'))": 0.04330608073582013,
    "(('prospect_both_0_1_ac1_ev_source', 'FirstName'), ('prospect_both_0_1_ac1_ev_target', 'prospect_Employer'))": 0.04029541331951283,
    "(('prospect_both_0_1_ac1_ev_source', 'State'), ('prospect_both_0_1_ac1_ev_target', 'prospect_Employer'))": 0.01532567049808429,
    "(('prospect_both_0_1_ac1_ev_source', 'PostalCode'), ('prospect_both_0_1_ac1_ev_target', 'prospect_Age'))": 0.013294375456537619,
    "(('prospect_both_0_1_ac1_ev_source', 'AgencyID'), ('prospect_both_0_1_ac1_ev_target', 'prospect_Age'))": 0.012131715771230503,
    "(('prospect_both_0_1_ac1_ev_source', 'AgencyID'), ('prospect_both_0_1_ac1_ev_target', 'prospect_Income'))": 0.011970213654394877,
    "(('prospect_both_0_1_ac1_ev_source', 'PostalCode'), ('prospect_both_0_1_ac1_ev_target', 'prospect_Employer'))": 0.007458847736625514,
    "(('prospect_both_0_1_ac1_ev_source', 'Gender'), ('prospect_both_0_1_ac1_ev_target', 'prospect_Employer'))": 0.004812319538017324,
    "(('prospect_both_0_1_ac1_ev_source', 'MiddleInitial'), ('prospect_both_0_1_ac1_ev_target', 'prospect_Employer'))": 0.004780114722753346,
    "(('prospect_both_0_1_ac1_ev_source', 'AddressLine2'), ('prospect_both_0_1_ac1_ev_target', 'prospect_AgencyID'))": 0.004486016989596259,
    "(('prospect_both_0_1_ac1_ev_source', 'AddressLine1'), ('prospect_both_0_1_ac1_ev_target', 'prospect_Employer'))": 0.003801169590643275,
    "(('prospect_both_0_1_ac1_ev_source', 'AddressLine2'), ('prospect_both_0_1_ac1_ev_target', 'prospect_Employer'))": 0.0019880715705765406,
    "(('prospect_both_0_1_ac1_ev_source', 'AgencyID'), ('prospect_both_0_1_ac1_ev_target', 'prospect_Employer'))": 0.0017699115044247787,
    "(('prospect_both_0_1_ac1_ev_source', 'Country'), ('prospect_both_0_1_ac1_ev_target', 'prospect_Employer'))": 0.001,
    "(('prospect_both_0_1_ac1_ev_source', 'LastName'), ('prospect_both_0_1_ac1_ev_target', 'prospect_MaritalStatus'))": 0.0005579578741804993,
    "(('prospect_both_0_1_ac1_ev_source', 'FirstName'), ('prospect_both_0_1_ac1_ev_target', 'prospect_AgencyID'))": 0.0005512299317852959,
    "(('prospect_both_0_1_ac1_ev_source', 'FirstName'), ('prospect_both_0_1_ac1_ev_target', 'prospect_MaritalStatus'))": 0.0004266211604095563,
    "(('prospect_both_0_1_ac1_ev_source', 'AgencyID'), ('prospect_both_0_1_ac1_ev_target', 'prospect_NetWorth'))": 0.00041248453183005636,
    "(('prospect_both_0_1_ac1_ev_source', 'LastName'), ('prospect_both_0_1_ac1_ev_target', 'prospect_AgencyID'))": 0.0004094724629768648,
    "(('prospect_both_0_1_ac1_ev_source', 'FirstName'), ('prospect_both_0_1_ac1_ev_target', 'prospect_OwnOrRentFlag'))": 0.0002844545583842981,
    "(('prospect_both_0_1_ac1_ev_source', 'LastName'), ('prospect_both_0_1_ac1_ev_target', 'prospect_OwnOrRentFlag'))": 0.0002789789370902497,
    "(('prospect_both_0_1_ac1_ev_source', 'PostalCode'), ('prospect_both_0_1_ac1_ev_target', 'prospect_NumberCreditCards'))": 0.00014609203798392987,
    "(('prospect_both_0_1_ac1_ev_source', 'AgencyID'), ('prospect_both_0_1_ac1_ev_target', 'prospect_NumberCreditCards'))": 0.0001333155579256099
  },
  "metrics": {
    "precision": 0.5,
    "recall": 1.0,
    "f1_score": 0.6666666666666666,
    "precision_at_10_percent": 0.25,
    "precision_at_20_percent": 0.125,
    "precision_at_30_percent": 0.09090909090909091,
    "precision_at_40_percent": 0.06666666666666667,
    "precision_at_50_percent": 0.05555555555555555,
    "precision_at_60_percent": 0.045454545454545456,
    "precision_at_70_percent": 0.038461538461538464,
    "precision_at_80_percent": 0.034482758620689655,
    "precision_at_90_percent": 0.030303030303030304,
    "recall_at_sizeof_ground_truth": 1.0
  },
  "run_times": {
    "total_time": 205.80387985299967,
    "algorithm_time": 205.72335154200118
  }
}