{
  "name": "prospect_vertical_30_ec_ev__JaccardLevenMatcher{'threshold_leven': 0.8, 'process_num': 4}",
  "matches": {
    "(('prospect_vertical_30_ec_ev_source', 'AgencyID'), ('prospect_vertical_30_ec_ev_target', 'AgencyID'))": 1.0,
    "(('prospect_vertical_30_ec_ev_source', 'Employer'), ('prospect_vertical_30_ec_ev_target', 'Employer'))": 1.0,
    "(('prospect_vertical_30_ec_ev_source', 'City'), ('prospect_vertical_30_ec_ev_target', 'City'))": 1.0,
    "(('prospect_vertical_30_ec_ev_source', 'NumberCreditCards'), ('prospect_vertical_30_ec_ev_target', 'NumberCreditCards'))": 1.0,
    "(('prospect_vertical_30_ec_ev_source', 'Gender'), ('prospect_vertical_30_ec_ev_target', 'Gender'))": 1.0,
    "(('prospect_vertical_30_ec_ev_source', 'MiddleInitial'), ('prospect_vertical_30_ec_ev_target', 'MiddleInitial'))": 1.0,
    "(('prospect_vertical_30_ec_ev_source', 'Gender'), ('prospect_vertical_30_ec_ev_target', 'MiddleInitial'))": 0.9433962264150944,
    "(('prospect_vertical_30_ec_ev_source', 'MiddleInitial'), ('prospect_vertical_30_ec_ev_target', 'Gender'))": 0.9433962264150944,
    "(('prospect_vertical_30_ec_ev_source', 'NumberCreditCards'), ('prospect_vertical_30_ec_ev_target', 'NumberCars'))": 0.5454545454545454,
    "(('prospect_vertical_30_ec_ev_source', 'NumberCreditCards'), ('prospect_vertical_30_ec_ev_target', 'NumberChildren'))": 0.5454545454545454,
    "(('prospect_vertical_30_ec_ev_source', 'NumberCreditCards'), ('prospect_vertical_30_ec_ev_target', 'Age'))": 0.10891089108910891,
    "(('prospect_vertical_30_ec_ev_source', 'Gender'), ('prospect_vertical_30_ec_ev_target', 'MaritalStatus'))": 0.09803921568627451,
    "(('prospect_vertical_30_ec_ev_source', 'MiddleInitial'), ('prospect_vertical_30_ec_ev_target', 'MaritalStatus'))": 0.09615384615384616,
    "(('prospect_vertical_30_ec_ev_source', 'Gender'), ('prospect_vertical_30_ec_ev_target', 'OwnOrRentFlag'))": 0.058823529411764705,
    "(('prospect_vertical_30_ec_ev_source', 'MiddleInitial'), ('prospect_vertical_30_ec_ev_target', 'OwnOrRentFlag'))": 0.057692307692307696,
    "(('prospect_vertical_30_ec_ev_source', 'PostalCode'), ('prospect_vertical_30_ec_ev_target', 'CreditRating'))": 0.01948962422882782,
    "(('prospect_vertical_30_ec_ev_source', 'PostalCode'), ('prospect_vertical_30_ec_ev_target', 'Income'))": 0.008753602305475503,
    "(('prospect_vertical_30_ec_ev_source', 'State'), ('prospect_vertical_30_ec_ev_target', 'Employer'))": 0.008563273073263558,
    "(('prospect_vertical_30_ec_ev_source', 'Employer'), ('prospect_vertical_30_ec_ev_target', 'City'))": 0.006334125098970704,
    "(('prospect_vertical_30_ec_ev_source', 'City'), ('prospect_vertical_30_ec_ev_target', 'Employer'))": 0.006334125098970704,
    "(('prospect_vertical_30_ec_ev_source', 'State'), ('prospect_vertical_30_ec_ev_target', 'City'))": 0.006042296072507553,
    "(('prospect_vertical_30_ec_ev_source', 'LastName'), ('prospect_vertical_30_ec_ev_target', 'City'))": 0.0028208744710860366,
    "(('prospect_vertical_30_ec_ev_source', 'FirstName'), ('prospect_vertical_30_ec_ev_target', 'City'))": 0.0027113129532976344,
    "(('prospect_vertical_30_ec_ev_source', 'LastName'), ('prospect_vertical_30_ec_ev_target', 'Employer'))": 0.0020478689363880712,
    "(('prospect_vertical_30_ec_ev_source', 'FirstName'), ('prospect_vertical_30_ec_ev_target', 'Employer'))": 0.0018720547414627848,
    "(('prospect_vertical_30_ec_ev_source', 'NumberCreditCards'), ('prospect_vertical_30_ec_ev_target', 'CreditRating'))": 0.0017825311942959,
    "(('prospect_vertical_30_ec_ev_source', 'PostalCode'), ('prospect_vertical_30_ec_ev_target', 'NetWorth'))": 0.0012804552729859505,
    "(('prospect_vertical_30_ec_ev_source', 'NumberCreditCards'), ('prospect_vertical_30_ec_ev_target', 'Income'))": 0.00042805165156595563,
    "(('prospect_vertical_30_ec_ev_source', 'PostalCode'), ('prospect_vertical_30_ec_ev_target', 'Age'))": 7.096728408203818e-05,
    "(('prospect_vertical_30_ec_ev_source', 'PostalCode'), ('prospect_vertical_30_ec_ev_target', 'Employer'))": 6.671559143371805e-05,
    "(('prospect_vertical_30_ec_ev_source', 'FirstName'), ('prospect_vertical_30_ec_ev_target', 'AgencyID'))": 3.3896007050369466e-05
  },
  "metrics": {
    "precision": 0.8571428571428571,
    "recall": 1.0,
    "f1_score": 0.923076923076923,
    "precision_at_10_percent": 1.0,
    "precision_at_20_percent": 0.8571428571428571,
    "precision_at_30_percent": 0.6,
    "precision_at_40_percent": 0.46153846153846156,
    "precision_at_50_percent": 0.375,
    "precision_at_60_percent": 0.3157894736842105,
    "precision_at_70_percent": 0.2727272727272727,
    "precision_at_80_percent": 0.24,
    "precision_at_90_percent": 0.21428571428571427,
    "recall_at_sizeof_ground_truth": 1.0
  },
  "run_times": {
    "total_time": 2028.1405851109994,
    "algorithm_time": 2027.5290244770003
  }
}