{
  "name": "assays_vertical_50_ac5_ev__CorrelationClustering{'threshold1': 0.15, 'threshold2': 0.2, 'quantiles': 256, 'process_num': 4, 'chunk_size': 1, 'clear_cache': True}",
  "matches": {
    "(('assays_vertical_50_ac5_ev_source', 'assay_id'), ('assays_vertical_50_ac5_ev_target', 'assays_ss_d'))": 1.0,
    "(('assays_vertical_50_ac5_ev_source', 'assay_subcellular_fraction'), ('assays_vertical_50_ac5_ev_target', 'assays_ss_sbclllr_frctn'))": 1.0,
    "(('assays_vertical_50_ac5_ev_source', 'assay_strain'), ('assays_vertical_50_ac5_ev_target', 'assays_ss_strn'))": 1.0,
    "(('assays_vertical_50_ac5_ev_target', 'assays_ss_tst_tp'), ('assays_vertical_50_ac5_ev_source', 'assay_test_type'))": 1.0,
    "(('assays_vertical_50_ac5_ev_target', 'assays_ss_tx_d'), ('assays_vertical_50_ac5_ev_source', 'assay_tax_id'))": 1.0,
    "(('assays_vertical_50_ac5_ev_source', 'tissue_id'), ('assays_vertical_50_ac5_ev_target', 'assays_tss_d'))": 1.0,
    "(('assays_vertical_50_ac5_ev_source', 'tid'), ('assays_vertical_50_ac5_ev_target', 'assays_td'))": 1.0,
    "(('assays_vertical_50_ac5_ev_target', 'assays_src_d'), ('assays_vertical_50_ac5_ev_source', 'src_id'))": 1.0
  },
  "metrics": {
    "precision": 1.0,
    "recall": 0.7272727272727273,
    "f1_score": 0.8421052631578948,
    "precision_at_10_percent": 1.0,
    "precision_at_20_percent": 1.0,
    "precision_at_30_percent": 1.0,
    "precision_at_40_percent": 1.0,
    "precision_at_50_percent": 1.0,
    "precision_at_60_percent": 1.0,
    "precision_at_70_percent": 1.0,
    "precision_at_80_percent": 1.0,
    "precision_at_90_percent": 1.0,
    "recall_at_sizeof_ground_truth": 0.7272727272727273
  },
  "run_times": {
    "total_time": 53.203432410999994,
    "algorithm_time": 50.06016311900021
  }
}