{
  "name": "assays_both_50_70_ac3_av__CorrelationClustering{'threshold1': 0.3, 'threshold2': 0.4, 'quantiles': 256, 'process_num': 4, 'chunk_size': 1, 'clear_cache': True}",
  "matches": {
    "(('assays_both_50_70_ac3_av_source', 'src_id'), ('assays_both_50_70_ac3_av_target', 'src_d'))": 1.0,
    "(('assays_both_50_70_ac3_av_source', 'assay_tissue'), ('assays_both_50_70_ac3_av_target', 'ss_tss'))": 0.9409323025407902,
    "(('assays_both_50_70_ac3_av_target', 'cnfdnc_scr'), ('assays_both_50_70_ac3_av_source', 'confidence_score'))": 0.9172443755789504,
    "(('assays_both_50_70_ac3_av_source', 'tid'), ('assays_both_50_70_ac3_av_target', 'td'))": 0.8923052375690842,
    "(('assays_both_50_70_ac3_av_source', 'assay_type'), ('assays_both_50_70_ac3_av_target', 'ss_tp'))": 0.8685237704516428,
    "(('assays_both_50_70_ac3_av_source', 'cell_id'), ('assays_both_50_70_ac3_av_target', 'cll_d'))": 0.8057113230083244,
    "(('assays_both_50_70_ac3_av_target', 'ss_d'), ('assays_both_50_70_ac3_av_source', 'assay_id'))": 0.8000188259696525,
    "(('assays_both_50_70_ac3_av_source', 'chembl_id'), ('assays_both_50_70_ac3_av_target', 'chmbl_d'))": 0.7940555319961148,
    "(('assays_both_50_70_ac3_av_target', 'ss_d'), ('assays_both_50_70_ac3_av_source', 'doc_id'))": 0.7902167350329081,
    "(('assays_both_50_70_ac3_av_target', 'ss_tx_d'), ('assays_both_50_70_ac3_av_source', 'doc_id'))": 0.7218671261421472,
    "(('assays_both_50_70_ac3_av_source', 'assay_id'), ('assays_both_50_70_ac3_av_target', 'ss_tx_d'))": 0.6686001427724657,
    "(('assays_both_50_70_ac3_av_target', 'td'), ('assays_both_50_70_ac3_av_source', 'assay_tax_id'))": 0.6210480145048987
  },
  "metrics": {
    "precision": 1.0,
    "recall": 0.4375,
    "f1_score": 0.6086956521739131,
    "precision_at_10_percent": 1.0,
    "precision_at_20_percent": 1.0,
    "precision_at_30_percent": 1.0,
    "precision_at_40_percent": 1.0,
    "precision_at_50_percent": 1.0,
    "precision_at_60_percent": 1.0,
    "precision_at_70_percent": 0.8888888888888888,
    "precision_at_80_percent": 0.8,
    "precision_at_90_percent": 0.7272727272727273,
    "recall_at_sizeof_ground_truth": 0.5
  },
  "run_times": {
    "total_time": 72.31620693400146,
    "algorithm_time": 69.91415800900177
  }
}