{
  "name": "assays_both_50_1_ac3_ev__CorrelationClustering{'threshold1': 0.1, 'threshold2': 0.2, 'quantiles': 256, 'process_num': 4, 'chunk_size': 1, 'clear_cache': True}",
  "matches": {},
  "metrics": {
    "precision": 0,
    "recall": 0.0,
    "f1_score": 0,
    "precision_at_10_percent": 0,
    "precision_at_20_percent": 0,
    "precision_at_30_percent": 0,
    "precision_at_40_percent": 0,
    "precision_at_50_percent": 0,
    "precision_at_60_percent": 0,
    "precision_at_70_percent": 0,
    "precision_at_80_percent": 0,
    "precision_at_90_percent": 0,
    "recall_at_sizeof_ground_truth": 0.0
  },
  "run_times": {
    "total_time": 34.215859851999994,
    "algorithm_time": 32.999430422000046
  }
}