{
  "name": "assays_vertical_1_ac2_av__CorrelationClustering{'threshold1': 0.5, 'threshold2': 0.3, 'quantiles': 256, 'process_num': 4, 'chunk_size': 1, 'clear_cache': True}",
  "matches": {
    "(('assays_vertical_1_ac2_av_target', 'ASSI'), ('assays_vertical_1_ac2_av_source', 'assay_id'))": 1.0,
    "(('assays_vertical_1_ac2_av_target', 'ASSI'), ('assays_vertical_1_ac2_av_source', 'doc_id'))": 0.8324295930982394,
    "(('assays_vertical_1_ac2_av_target', 'TISI'), ('assays_vertical_1_ac2_av_source', 'assay_id'))": 0.7520511547368544,
    "(('assays_vertical_1_ac2_av_source', 'assay_tax_id'), ('assays_vertical_1_ac2_av_target', 'ASSI'))": 0.7374182933816011,
    "(('assays_vertical_1_ac2_av_target', 'TISI'), ('assays_vertical_1_ac2_av_source', 'doc_id'))": 0.7175465871577574,
    "(('assays_vertical_1_ac2_av_source', 'assay_id'), ('assays_vertical_1_ac2_av_target', 'CI'))": 0.6838217780014285,
    "(('assays_vertical_1_ac2_av_source', 'assay_tax_id'), ('assays_vertical_1_ac2_av_target', 'TISI'))": 0.6820285865095458,
    "(('assays_vertical_1_ac2_av_source', 'assay_id'), ('assays_vertical_1_ac2_av_target', 'CONSCO'))": 0.6631089431193062,
    "(('assays_vertical_1_ac2_av_source', 'assay_tax_id'), ('assays_vertical_1_ac2_av_target', 'CI'))": 0.6604399925044014,
    "(('assays_vertical_1_ac2_av_target', 'CI'), ('assays_vertical_1_ac2_av_source', 'doc_id'))": 0.5067089852061789,
    "(('assays_vertical_1_ac2_av_target', 'CONSCO'), ('assays_vertical_1_ac2_av_source', 'doc_id'))": 0.5010284783804254,
    "(('assays_vertical_1_ac2_av_target', 'SRI'), ('assays_vertical_1_ac2_av_source', 'assay_id'))": 0.5009951407385372
  },
  "metrics": {
    "precision": 0.5,
    "recall": 1.0,
    "f1_score": 0.6666666666666666,
    "precision_at_10_percent": 0.5,
    "precision_at_20_percent": 0.3333333333333333,
    "precision_at_30_percent": 0.25,
    "precision_at_40_percent": 0.2,
    "precision_at_50_percent": 0.16666666666666666,
    "precision_at_60_percent": 0.125,
    "precision_at_70_percent": 0.1111111111111111,
    "precision_at_80_percent": 0.1,
    "precision_at_90_percent": 0.09090909090909091,
    "recall_at_sizeof_ground_truth": 1.0
  },
  "run_times": {
    "total_time": 50.667173579999144,
    "algorithm_time": 49.58356846700008
  }
}