{
  "name": "assays_both_0_50_ac3_av__CorrelationClustering{'threshold1': 0.5, 'threshold2': 0.5, 'quantiles': 256, 'process_num': 4, 'chunk_size': 1, 'clear_cache': True}",
  "matches": {
    "(('assays_both_0_50_ac3_av_target', 'src_d'), ('assays_both_0_50_ac3_av_source', 'src_id'))": 1.0,
    "(('assays_both_0_50_ac3_av_target', 'dc_d'), ('assays_both_0_50_ac3_av_source', 'doc_id'))": 0.9428784436945099,
    "(('assays_both_0_50_ac3_av_target', 'cnfdnc_scr'), ('assays_both_0_50_ac3_av_source', 'src_id'))": 0.9377049126344515,
    "(('assays_both_0_50_ac3_av_target', 'ss_tss'), ('assays_both_0_50_ac3_av_source', 'assay_tissue'))": 0.9119055616412896,
    "(('assays_both_0_50_ac3_av_source', 'assay_type'), ('assays_both_0_50_ac3_av_target', 'ss_tp'))": 0.7982130360620995,
    "(('assays_both_0_50_ac3_av_source', 'assay_id'), ('assays_both_0_50_ac3_av_target', 'tss_d'))": 0.770101793580892,
    "(('assays_both_0_50_ac3_av_target', 'tss_d'), ('assays_both_0_50_ac3_av_source', 'tid'))": 0.7529383301705052,
    "(('assays_both_0_50_ac3_av_source', 'tid'), ('assays_both_0_50_ac3_av_target', 'cll_d'))": 0.7395872581252764,
    "(('assays_both_0_50_ac3_av_target', 'tss_d'), ('assays_both_0_50_ac3_av_source', 'cell_id'))": 0.7150630358813066,
    "(('assays_both_0_50_ac3_av_target', 'ss_d'), ('assays_both_0_50_ac3_av_source', 'tid'))": 0.7111254686551498,
    "(('assays_both_0_50_ac3_av_target', 'dc_d'), ('assays_both_0_50_ac3_av_source', 'assay_id'))": 0.7107796349449645,
    "(('assays_both_0_50_ac3_av_target', 'tss_d'), ('assays_both_0_50_ac3_av_source', 'doc_id'))": 0.7067364651923719,
    "(('assays_both_0_50_ac3_av_target', 'ss_d'), ('assays_both_0_50_ac3_av_source', 'doc_id'))": 0.6955802241808167,
    "(('assays_both_0_50_ac3_av_source', 'assay_id'), ('assays_both_0_50_ac3_av_target', 'cll_d'))": 0.6910462451284259,
    "(('assays_both_0_50_ac3_av_target', 'tss_d'), ('assays_both_0_50_ac3_av_source', 'assay_tax_id'))": 0.6872789183891187,
    "(('assays_both_0_50_ac3_av_source', 'assay_tax_id'), ('assays_both_0_50_ac3_av_target', 'ss_d'))": 0.6797334166629442,
    "(('assays_both_0_50_ac3_av_source', 'doc_id'), ('assays_both_0_50_ac3_av_target', 'cll_d'))": 0.673158257961452,
    "(('assays_both_0_50_ac3_av_target', 'dc_d'), ('assays_both_0_50_ac3_av_source', 'cell_id'))": 0.6679529363225364,
    "(('assays_both_0_50_ac3_av_target', 'dc_d'), ('assays_both_0_50_ac3_av_source', 'tid'))": 0.6236538232968111,
    "(('assays_both_0_50_ac3_av_source', 'assay_tax_id'), ('assays_both_0_50_ac3_av_target', 'cll_d'))": 0.5583717919055822,
    "(('assays_both_0_50_ac3_av_target', 'cll_d'), ('assays_both_0_50_ac3_av_source', 'cell_id'))": 0.5349654668843374,
    "(('assays_both_0_50_ac3_av_target', 'dc_d'), ('assays_both_0_50_ac3_av_source', 'assay_tax_id'))": 0.5096697918751817
  },
  "metrics": {
    "precision": 0.5714285714285714,
    "recall": 0.36363636363636365,
    "f1_score": 0.4444444444444444,
    "precision_at_10_percent": 0.6666666666666666,
    "precision_at_20_percent": 0.8,
    "precision_at_30_percent": 0.5714285714285714,
    "precision_at_40_percent": 0.4444444444444444,
    "precision_at_50_percent": 0.36363636363636365,
    "precision_at_60_percent": 0.2857142857142857,
    "precision_at_70_percent": 0.25,
    "precision_at_80_percent": 0.2222222222222222,
    "precision_at_90_percent": 0.2,
    "recall_at_sizeof_ground_truth": 0.36363636363636365
  },
  "run_times": {
    "total_time": 54.70837461300107,
    "algorithm_time": 53.19832534700072
  }
}