{
  "name": "assays_horizontal_50_ac3_ev__CorrelationClustering{'threshold1': 0.3, 'threshold2': 0.4, 'quantiles': 256, 'process_num': 4, 'chunk_size': 1, 'clear_cache': True}",
  "matches": {
    "(('assays_horizontal_50_ac3_ev_source', 'src_id'), ('assays_horizontal_50_ac3_ev_target', 'src_d'))": 1.0,
    "(('assays_horizontal_50_ac3_ev_source', 'assay_test_type'), ('assays_horizontal_50_ac3_ev_target', 'ss_tst_tp'))": 0.9946855644225904,
    "(('assays_horizontal_50_ac3_ev_source', 'description'), ('assays_horizontal_50_ac3_ev_target', 'dscrptn'))": 0.9563715246465031,
    "(('assays_horizontal_50_ac3_ev_source', 'curated_by'), ('assays_horizontal_50_ac3_ev_target', 'crtd_b'))": 0.9456415361049288,
    "(('assays_horizontal_50_ac3_ev_source', 'doc_id'), ('assays_horizontal_50_ac3_ev_target', 'dc_d'))": 0.9449657084512393,
    "(('assays_horizontal_50_ac3_ev_target', 'tss_d'), ('assays_horizontal_50_ac3_ev_source', 'tissue_id'))": 0.9438602579594705,
    "(('assays_horizontal_50_ac3_ev_source', 'assay_tissue'), ('assays_horizontal_50_ac3_ev_target', 'ss_tss'))": 0.9339148691239215,
    "(('assays_horizontal_50_ac3_ev_source', 'confidence_score'), ('assays_horizontal_50_ac3_ev_target', 'src_d'))": 0.8778793265994217,
    "(('assays_horizontal_50_ac3_ev_source', 'assay_type'), ('assays_horizontal_50_ac3_ev_target', 'ss_tp'))": 0.8754319767135839,
    "(('assays_horizontal_50_ac3_ev_target', 'ss_rgnsm'), ('assays_horizontal_50_ac3_ev_source', 'assay_organism'))": 0.8745124543611834,
    "(('assays_horizontal_50_ac3_ev_target', 'ss_tx_d'), ('assays_horizontal_50_ac3_ev_source', 'assay_tax_id'))": 0.8686923204767325,
    "(('assays_horizontal_50_ac3_ev_source', 'doc_id'), ('assays_horizontal_50_ac3_ev_target', 'ss_d'))": 0.8633184505870164,
    "(('assays_horizontal_50_ac3_ev_source', 'tid'), ('assays_horizontal_50_ac3_ev_target', 'td'))": 0.8564133456910864,
    "(('assays_horizontal_50_ac3_ev_source', 'src_id'), ('assays_horizontal_50_ac3_ev_target', 'cnfdnc_scr'))": 0.8500690681117841,
    "(('assays_horizontal_50_ac3_ev_target', 'b_frmt'), ('assays_horizontal_50_ac3_ev_source', 'bao_format'))": 0.8393386384389029,
    "(('assays_horizontal_50_ac3_ev_target', 'rltnshp_tp'), ('assays_horizontal_50_ac3_ev_source', 'relationship_type'))": 0.8299777789479155,
    "(('assays_horizontal_50_ac3_ev_target', 'cnfdnc_scr'), ('assays_horizontal_50_ac3_ev_source', 'confidence_score'))": 0.8285235608125816,
    "(('assays_horizontal_50_ac3_ev_target', 'dc_d'), ('assays_horizontal_50_ac3_ev_source', 'assay_tax_id'))": 0.8122731896242344,
    "(('assays_horizontal_50_ac3_ev_source', 'doc_id'), ('assays_horizontal_50_ac3_ev_target', 'ss_tx_d'))": 0.8009459121436272,
    "(('assays_horizontal_50_ac3_ev_target', 'ss_d'), ('assays_horizontal_50_ac3_ev_source', 'assay_tax_id'))": 0.7931038350322538,
    "(('assays_horizontal_50_ac3_ev_target', 'ss_sbclllr_frctn'), ('assays_horizontal_50_ac3_ev_source', 'assay_subcellular_fraction'))": 0.7890339849136184,
    "(('assays_horizontal_50_ac3_ev_target', 'chmbl_d'), ('assays_horizontal_50_ac3_ev_source', 'chembl_id'))": 0.7346091702110175,
    "(('assays_horizontal_50_ac3_ev_target', 'ss_strn'), ('assays_horizontal_50_ac3_ev_source', 'assay_strain'))": 0.5723868082727781
  },
  "metrics": {
    "precision": 1.0,
    "recall": 0.43478260869565216,
    "f1_score": 0.6060606060606061,
    "precision_at_10_percent": 1.0,
    "precision_at_20_percent": 1.0,
    "precision_at_30_percent": 1.0,
    "precision_at_40_percent": 0.9,
    "precision_at_50_percent": 0.8333333333333334,
    "precision_at_60_percent": 0.7857142857142857,
    "precision_at_70_percent": 0.8235294117647058,
    "precision_at_80_percent": 0.7368421052631579,
    "precision_at_90_percent": 0.7142857142857143,
    "recall_at_sizeof_ground_truth": 0.7391304347826086
  },
  "run_times": {
    "total_time": 81.494705953,
    "algorithm_time": 78.09131976999993
  }
}