{
  "name": "Musicians_joinable__CorrelationClustering{'threshold1': 0.1, 'threshold2': 0.15, 'quantiles': 256, 'process_num': 4, 'chunk_size': 1, 'clear_cache': True}",
  "matches": {
    "(('musicians_joinable_target', 'musicianID'), ('musicians_joinable_source', 'musician'))": 1.0,
    "(('musicians_joinable_source', 'birthDate'), ('musicians_joinable_target', 'birthDate'))": 1.0,
    "(('musicians_joinable_target', 'familyName'), ('musicians_joinable_source', 'familyNameLabel'))": 1.0,
    "(('musicians_joinable_source', 'givenNameLabel'), ('musicians_joinable_target', 'forename'))": 1.0,
    "(('musicians_joinable_source', 'numberOfChildren'), ('musicians_joinable_target', 'NChildren'))": 1.0,
    "(('musicians_joinable_target', 'webpage'), ('musicians_joinable_source', 'websiteLabel'))": 1.0,
    "(('musicians_joinable_source', 'geniusNameLabel'), ('musicians_joinable_target', 'forename'))": 0.9832116943666868,
    "(('musicians_joinable_source', 'geniusNameLabel'), ('musicians_joinable_target', 'spouse'))": 0.9810492221003969,
    "(('musicians_joinable_source', 'givenNameLabel'), ('musicians_joinable_target', 'spouse'))": 0.9789324224687499,
    "(('musicians_joinable_target', 'musicianName'), ('musicians_joinable_source', 'familyNameLabel'))": 0.9671435428461048,
    "(('musicians_joinable_source', 'geniusNameLabel'), ('musicians_joinable_target', 'familyName'))": 0.9629866333951449,
    "(('musicians_joinable_source', 'givenNameLabel'), ('musicians_joinable_target', 'musicianName'))": 0.962503024198616,
    "(('musicians_joinable_source', 'geniusNameLabel'), ('musicians_joinable_target', 'musicianName'))": 0.9616356236603105,
    "(('musicians_joinable_source', 'familyNameLabel'), ('musicians_joinable_target', 'spouse'))": 0.9584177219171252,
    "(('musicians_joinable_source', 'familyNameLabel'), ('musicians_joinable_target', 'city'))": 0.9548193022838823,
    "(('musicians_joinable_target', 'forename'), ('musicians_joinable_source', 'familyNameLabel'))": 0.9527841614593789,
    "(('musicians_joinable_target', 'familyName'), ('musicians_joinable_source', 'givenNameLabel'))": 0.9526271222492979,
    "(('musicians_joinable_source', 'recordLabelLabel'), ('musicians_joinable_target', 'forename'))": 0.9413829839931911,
    "(('musicians_joinable_target', 'familyName'), ('musicians_joinable_source', 'recordLabelLabel'))": 0.9407971132115454,
    "(('musicians_joinable_target', 'familyName'), ('musicians_joinable_source', 'residenceLabel'))": 0.9396132897051036,
    "(('musicians_joinable_source', 'recordLabelLabel'), ('musicians_joinable_target', 'spouse'))": 0.9391020538822211,
    "(('musicians_joinable_source', 'residenceLabel'), ('musicians_joinable_target', 'city'))": 0.9389891861175235,
    "(('musicians_joinable_source', 'geniusNameLabel'), ('musicians_joinable_target', 'city'))": 0.9366168094314791,
    "(('musicians_joinable_target', 'musicianName'), ('musicians_joinable_source', 'residenceLabel'))": 0.9318371894092983,
    "(('musicians_joinable_target', 'forename'), ('musicians_joinable_source', 'residenceLabel'))": 0.9289980496414402,
    "(('musicians_joinable_source', 'givenNameLabel'), ('musicians_joinable_target', 'city'))": 0.92641904379695,
    "(('musicians_joinable_source', 'recordLabelLabel'), ('musicians_joinable_target', 'musicianName'))": 0.9247482436827253,
    "(('musicians_joinable_source', 'recordLabelLabel'), ('musicians_joinable_target', 'city'))": 0.9223437757968148,
    "(('musicians_joinable_source', 'residenceLabel'), ('musicians_joinable_target', 'spouse'))": 0.9213388927371718
  },
  "metrics": {
    "precision": 0.8571428571428571,
    "recall": 1.0,
    "f1_score": 0.923076923076923,
    "precision_at_10_percent": 1.0,
    "precision_at_20_percent": 1.0,
    "precision_at_30_percent": 0.6666666666666666,
    "precision_at_40_percent": 0.5,
    "precision_at_50_percent": 0.4,
    "precision_at_60_percent": 0.3333333333333333,
    "precision_at_70_percent": 0.2857142857142857,
    "precision_at_80_percent": 0.25,
    "precision_at_90_percent": 0.2222222222222222,
    "recall_at_sizeof_ground_truth": 1.0
  },
  "run_times": {
    "total_time": 74.65921502399942,
    "algorithm_time": 74.14399944099932
  }
}