{
  "name": "Musicians_joinable__CorrelationClustering{'threshold1': 0.3, 'threshold2': 0.3, 'quantiles': 256, 'process_num': 4, 'chunk_size': 1, 'clear_cache': True}",
  "matches": {
    "(('musicians_joinable_source', 'musician'), ('musicians_joinable_target', 'musicianID'))": 1.0,
    "(('musicians_joinable_source', 'birthDate'), ('musicians_joinable_target', 'birthDate'))": 1.0,
    "(('musicians_joinable_source', 'givenNameLabel'), ('musicians_joinable_target', 'forename'))": 1.0,
    "(('musicians_joinable_source', 'familyNameLabel'), ('musicians_joinable_target', 'familyName'))": 1.0,
    "(('musicians_joinable_target', 'NChildren'), ('musicians_joinable_source', 'numberOfChildren'))": 1.0,
    "(('musicians_joinable_source', 'websiteLabel'), ('musicians_joinable_target', 'webpage'))": 1.0,
    "(('musicians_joinable_source', 'geniusNameLabel'), ('musicians_joinable_target', 'forename'))": 0.9832116716627461,
    "(('musicians_joinable_source', 'twitterNameLabel'), ('musicians_joinable_target', 'familyName'))": 0.9820608005258336,
    "(('musicians_joinable_source', 'geniusNameLabel'), ('musicians_joinable_target', 'spouse'))": 0.9810522373298434,
    "(('musicians_joinable_source', 'givenNameLabel'), ('musicians_joinable_target', 'spouse'))": 0.9789320107553658,
    "(('musicians_joinable_target', 'fatherName'), ('musicians_joinable_source', 'familyNameLabel'))": 0.9710471418360792,
    "(('musicians_joinable_target', 'fatherName'), ('musicians_joinable_source', 'twitterNameLabel'))": 0.9678449363314309,
    "(('musicians_joinable_source', 'givenNameLabel'), ('musicians_joinable_target', 'fatherName'))": 0.9651654896935744,
    "(('musicians_joinable_source', 'geniusNameLabel'), ('musicians_joinable_target', 'familyName'))": 0.9629871333463669,
    "(('musicians_joinable_source', 'givenNameLabel'), ('musicians_joinable_target', 'musicianName'))": 0.9625015404314466,
    "(('musicians_joinable_source', 'twitterNameLabel'), ('musicians_joinable_target', 'spouse'))": 0.9624189709046532,
    "(('musicians_joinable_source', 'geniusNameLabel'), ('musicians_joinable_target', 'musicianName'))": 0.9616366096305131,
    "(('musicians_joinable_source', 'geniusNameLabel'), ('musicians_joinable_target', 'fatherName'))": 0.9612631471316081,
    "(('musicians_joinable_source', 'familyNameLabel'), ('musicians_joinable_target', 'spouse'))": 0.9584177219171252,
    "(('musicians_joinable_source', 'twitterNameLabel'), ('musicians_joinable_target', 'forename'))": 0.9562599435186796,
    "(('musicians_joinable_source', 'twitterNameLabel'), ('musicians_joinable_target', 'city'))": 0.9553647565812484,
    "(('musicians_joinable_target', 'musicianName'), ('musicians_joinable_source', 'recordLabelLabel'))": 0.9551373349494299,
    "(('musicians_joinable_source', 'familyNameLabel'), ('musicians_joinable_target', 'city'))": 0.9548193022838823,
    "(('musicians_joinable_source', 'givenNameLabel'), ('musicians_joinable_target', 'familyName'))": 0.9527835443994089,
    "(('musicians_joinable_source', 'familyNameLabel'), ('musicians_joinable_target', 'forename'))": 0.9526271222492979,
    "(('musicians_joinable_source', 'recordLabelLabel'), ('musicians_joinable_target', 'familyName'))": 0.9515292083299292,
    "(('musicians_joinable_target', 'fatherName'), ('musicians_joinable_source', 'recordLabelLabel'))": 0.9420344444600535,
    "(('musicians_joinable_source', 'recordLabelLabel'), ('musicians_joinable_target', 'forename'))": 0.9413794317099797,
    "(('musicians_joinable_source', 'twitterNameLabel'), ('musicians_joinable_target', 'musicianName'))": 0.9398672969301071,
    "(('musicians_joinable_source', 'recordLabelLabel'), ('musicians_joinable_target', 'spouse'))": 0.9390985187913007,
    "(('musicians_joinable_source', 'residenceLabel'), ('musicians_joinable_target', 'city'))": 0.9389891861175235,
    "(('musicians_joinable_source', 'geniusNameLabel'), ('musicians_joinable_target', 'city'))": 0.936616288564336,
    "(('musicians_joinable_source', 'familyNameLabel'), ('musicians_joinable_target', 'musicianName'))": 0.9359168021843735,
    "(('musicians_joinable_source', 'givenNameLabel'), ('musicians_joinable_target', 'city'))": 0.9264186750703086,
    "(('musicians_joinable_source', 'residenceLabel'), ('musicians_joinable_target', 'familyName'))": 0.9252700020980911,
    "(('musicians_joinable_source', 'recordLabelLabel'), ('musicians_joinable_target', 'city'))": 0.9223404056246104,
    "(('musicians_joinable_source', 'residenceLabel'), ('musicians_joinable_target', 'forename'))": 0.9221853051949236,
    "(('musicians_joinable_source', 'residenceLabel'), ('musicians_joinable_target', 'spouse'))": 0.9213388927371718,
    "(('musicians_joinable_source', 'residenceLabel'), ('musicians_joinable_target', 'fatherName'))": 0.9151865227044651,
    "(('musicians_joinable_source', 'residenceLabel'), ('musicians_joinable_target', 'musicianName'))": 0.9000435514175962,
    "(('musicians_joinable_target', 'kind'), ('musicians_joinable_source', 'residenceLabel'))": 0.8676397681009326,
    "(('musicians_joinable_target', 'kind'), ('musicians_joinable_source', 'givenNameLabel'))": 0.8511234118476189,
    "(('musicians_joinable_target', 'kind'), ('musicians_joinable_source', 'geniusNameLabel'))": 0.8458252315478955,
    "(('musicians_joinable_target', 'kind'), ('musicians_joinable_source', 'familyNameLabel'))": 0.8437891011105646,
    "(('musicians_joinable_target', 'kind'), ('musicians_joinable_source', 'twitterNameLabel'))": 0.8427260867689581,
    "(('musicians_joinable_target', 'kind'), ('musicians_joinable_source', 'recordLabelLabel'))": 0.8292464303869882,
    "(('musicians_joinable_source', 'activityStart'), ('musicians_joinable_target', 'birthDate'))": 0.7874381955488101
  },
  "metrics": {
    "precision": 0.6,
    "recall": 1.0,
    "f1_score": 0.7499999999999999,
    "precision_at_10_percent": 1.0,
    "precision_at_20_percent": 0.6,
    "precision_at_30_percent": 0.4,
    "precision_at_40_percent": 0.3157894736842105,
    "precision_at_50_percent": 0.25,
    "precision_at_60_percent": 0.20689655172413793,
    "precision_at_70_percent": 0.18181818181818182,
    "precision_at_80_percent": 0.15789473684210525,
    "precision_at_90_percent": 0.13953488372093023,
    "recall_at_sizeof_ground_truth": 1.0
  },
  "run_times": {
    "total_time": 45.75763719399947,
    "algorithm_time": 45.32368134600074
  }
}