{
  "name": "prospect_vertical_1_ec_av__CorrelationClustering{'threshold1': 0.4, 'threshold2': 0.5, 'quantiles': 256, 'process_num': 4, 'chunk_size': 1, 'clear_cache': True}",
  "matches": {
    "(('prospect_vertical_1_ec_av_source', 'AgencyID'), ('prospect_vertical_1_ec_av_target', 'AgencyID'))": 0.9940615536982608,
    "(('prospect_vertical_1_ec_av_source', 'City'), ('prospect_vertical_1_ec_av_target', 'Employer'))": 0.9563748157950982,
    "(('prospect_vertical_1_ec_av_source', 'FirstName'), ('prospect_vertical_1_ec_av_target', 'Employer'))": 0.9384001293030606,
    "(('prospect_vertical_1_ec_av_source', 'LastName'), ('prospect_vertical_1_ec_av_target', 'Employer'))": 0.929538513062154,
    "(('prospect_vertical_1_ec_av_source', 'State'), ('prospect_vertical_1_ec_av_target', 'Employer'))": 0.9058588257090651,
    "(('prospect_vertical_1_ec_av_source', 'MiddleInitial'), ('prospect_vertical_1_ec_av_target', 'OwnOrRentFlag'))": 0.8220859057558055,
    "(('prospect_vertical_1_ec_av_target', 'MaritalStatus'), ('prospect_vertical_1_ec_av_source', 'MiddleInitial'))": 0.7762748398730287,
    "(('prospect_vertical_1_ec_av_target', 'MaritalStatus'), ('prospect_vertical_1_ec_av_source', 'Gender'))": 0.7564186071428914,
    "(('prospect_vertical_1_ec_av_source', 'Gender'), ('prospect_vertical_1_ec_av_target', 'OwnOrRentFlag'))": 0.6443473044895983
  },
  "metrics": {
    "precision": 0.3333333333333333,
    "recall": 1.0,
    "f1_score": 0.5,
    "precision_at_10_percent": 1.0,
    "precision_at_20_percent": 0.5,
    "precision_at_30_percent": 0.3333333333333333,
    "precision_at_40_percent": 0.25,
    "precision_at_50_percent": 0.2,
    "precision_at_60_percent": 0.16666666666666666,
    "precision_at_70_percent": 0.14285714285714285,
    "precision_at_80_percent": 0.125,
    "precision_at_90_percent": 0.1111111111111111,
    "recall_at_sizeof_ground_truth": 1.0
  },
  "run_times": {
    "total_time": 69.3356018279992,
    "algorithm_time": 68.86722317699969
  }
}