{
  "name": "prospect_both_50_50_ac3_av__CorrelationClustering{'threshold1': 0.3, 'threshold2': 0.4, 'quantiles': 256, 'process_num': 4, 'chunk_size': 1, 'clear_cache': True}",
  "matches": {
    "(('prospect_both_50_50_ac3_av_source', 'MaritalStatus'), ('prospect_both_50_50_ac3_av_target', 'mrtlstts'))": 0.9973130554176024,
    "(('prospect_both_50_50_ac3_av_target', 'mddlntl'), ('prospect_both_50_50_ac3_av_source', 'MiddleInitial'))": 0.9916642818859448,
    "(('prospect_both_50_50_ac3_av_target', 'stt'), ('prospect_both_50_50_ac3_av_source', 'State'))": 0.9893677646367753,
    "(('prospect_both_50_50_ac3_av_target', 'frstnm'), ('prospect_both_50_50_ac3_av_source', 'LastName'))": 0.9818483483508594,
    "(('prospect_both_50_50_ac3_av_target', 'gncd'), ('prospect_both_50_50_ac3_av_source', 'AgencyID'))": 0.9707045856671391,
    "(('prospect_both_50_50_ac3_av_source', 'Employer'), ('prospect_both_50_50_ac3_av_target', 'mplr'))": 0.9701388842393415,
    "(('prospect_both_50_50_ac3_av_target', 'frstnm'), ('prospect_both_50_50_ac3_av_source', 'City'))": 0.9683232905141359,
    "(('prospect_both_50_50_ac3_av_target', 'frstnm'), ('prospect_both_50_50_ac3_av_source', 'FirstName'))": 0.9611059725970338,
    "(('prospect_both_50_50_ac3_av_source', 'FirstName'), ('prospect_both_50_50_ac3_av_target', 'mplr'))": 0.9582268914823371,
    "(('prospect_both_50_50_ac3_av_source', 'City'), ('prospect_both_50_50_ac3_av_target', 'mplr'))": 0.9552566605109438,
    "(('prospect_both_50_50_ac3_av_source', 'LastName'), ('prospect_both_50_50_ac3_av_target', 'mplr'))": 0.9521633267182176,
    "(('prospect_both_50_50_ac3_av_target', 'frstnm'), ('prospect_both_50_50_ac3_av_source', 'Employer'))": 0.9507880402978441,
    "(('prospect_both_50_50_ac3_av_target', 'frstnm'), ('prospect_both_50_50_ac3_av_source', 'State'))": 0.939014849572779,
    "(('prospect_both_50_50_ac3_av_source', 'Employer'), ('prospect_both_50_50_ac3_av_target', 'stt'))": 0.9350543130236187,
    "(('prospect_both_50_50_ac3_av_target', 'stt'), ('prospect_both_50_50_ac3_av_source', 'City'))": 0.9350342799416325,
    "(('prospect_both_50_50_ac3_av_source', 'FirstName'), ('prospect_both_50_50_ac3_av_target', 'stt'))": 0.933952531921568,
    "(('prospect_both_50_50_ac3_av_source', 'State'), ('prospect_both_50_50_ac3_av_target', 'mplr'))": 0.9258633585696838,
    "(('prospect_both_50_50_ac3_av_source', 'NumberCars'), ('prospect_both_50_50_ac3_av_target', 'nmbrcrdtcrds'))": 0.9013420701716023,
    "(('prospect_both_50_50_ac3_av_target', 'stt'), ('prospect_both_50_50_ac3_av_source', 'LastName'))": 0.9007050725198527,
    "(('prospect_both_50_50_ac3_av_source', 'MaritalStatus'), ('prospect_both_50_50_ac3_av_target', 'wnrrntflg'))": 0.8819833899339333,
    "(('prospect_both_50_50_ac3_av_source', 'NumberChildren'), ('prospect_both_50_50_ac3_av_target', 'nmbrcrdtcrds'))": 0.8818846655163525,
    "(('prospect_both_50_50_ac3_av_source', 'NumberChildren'), ('prospect_both_50_50_ac3_av_target', 'nmbrchldrn'))": 0.8666558266489405,
    "(('prospect_both_50_50_ac3_av_source', 'NumberCars'), ('prospect_both_50_50_ac3_av_target', 'nmbrcrs'))": 0.8608736470645432,
    "(('prospect_both_50_50_ac3_av_source', 'NumberCars'), ('prospect_both_50_50_ac3_av_target', 'nmbrchldrn'))": 0.8579670191003103,
    "(('prospect_both_50_50_ac3_av_target', 'mddlntl'), ('prospect_both_50_50_ac3_av_source', 'Gender'))": 0.8443456913697781,
    "(('prospect_both_50_50_ac3_av_target', 'nmbrcrs'), ('prospect_both_50_50_ac3_av_source', 'NumberChildren'))": 0.8336623805956128,
    "(('prospect_both_50_50_ac3_av_source', 'NetWorth'), ('prospect_both_50_50_ac3_av_target', 'ntwrth'))": 0.8190468729280029,
    "(('prospect_both_50_50_ac3_av_target', 'ncm'), ('prospect_both_50_50_ac3_av_source', 'Income'))": 0.814880642805843,
    "(('prospect_both_50_50_ac3_av_target', 'mrtlstts'), ('prospect_both_50_50_ac3_av_source', 'MiddleInitial'))": 0.7765850420386672,
    "(('prospect_both_50_50_ac3_av_target', 'mrtlstts'), ('prospect_both_50_50_ac3_av_source', 'Gender'))": 0.7543681390664133,
    "(('prospect_both_50_50_ac3_av_source', 'MaritalStatus'), ('prospect_both_50_50_ac3_av_target', 'mddlntl'))": 0.7388340282607722,
    "(('prospect_both_50_50_ac3_av_target', 'wnrrntflg'), ('prospect_both_50_50_ac3_av_source', 'MiddleInitial'))": 0.5757761462868134,
    "(('prospect_both_50_50_ac3_av_target', 'wnrrntflg'), ('prospect_both_50_50_ac3_av_source', 'Gender'))": 0.5023613089702023
  },
  "metrics": {
    "precision": 0.8333333333333334,
    "recall": 0.45454545454545453,
    "f1_score": 0.5882352941176471,
    "precision_at_10_percent": 0.75,
    "precision_at_20_percent": 0.7142857142857143,
    "precision_at_30_percent": 0.6,
    "precision_at_40_percent": 0.42857142857142855,
    "precision_at_50_percent": 0.35294117647058826,
    "precision_at_60_percent": 0.3,
    "precision_at_70_percent": 0.3333333333333333,
    "precision_at_80_percent": 0.3333333333333333,
    "precision_at_90_percent": 0.3333333333333333,
    "recall_at_sizeof_ground_truth": 0.5454545454545454
  },
  "run_times": {
    "total_time": 104.01604462500109,
    "algorithm_time": 103.13577482800247
  }
}