{
  "name": "prospect_vertical_50_ac4_av__CorrelationClustering{'threshold1': 0.3, 'threshold2': 0.4, 'quantiles': 256, 'process_num': 4, 'chunk_size': 1, 'clear_cache': True}",
  "matches": {
    "(('prospect_vertical_50_ac4_av_source', 'MaritalStatus'), ('prospect_vertical_50_ac4_av_target', 'prospect_MarSt'))": 1.0,
    "(('prospect_vertical_50_ac4_av_target', 'prospect_Ge'), ('prospect_vertical_50_ac4_av_source', 'Gender'))": 0.9998151864523416,
    "(('prospect_vertical_50_ac4_av_source', 'AgencyID'), ('prospect_vertical_50_ac4_av_target', 'prospect_AgID'))": 0.9941384117540434,
    "(('prospect_vertical_50_ac4_av_target', 'prospect_C'), ('prospect_vertical_50_ac4_av_source', 'City'))": 0.9681143422214592,
    "(('prospect_vertical_50_ac4_av_source', 'LastName'), ('prospect_vertical_50_ac4_av_target', 'prospect_C'))": 0.959636696653138,
    "(('prospect_vertical_50_ac4_av_target', 'prospect_Emp'), ('prospect_vertical_50_ac4_av_source', 'City'))": 0.9502324172638646,
    "(('prospect_vertical_50_ac4_av_target', 'prospect_C'), ('prospect_vertical_50_ac4_av_source', 'FirstName'))": 0.946356957579917,
    "(('prospect_vertical_50_ac4_av_target', 'prospect_C'), ('prospect_vertical_50_ac4_av_source', 'State'))": 0.9432925452324574,
    "(('prospect_vertical_50_ac4_av_source', 'Income'), ('prospect_vertical_50_ac4_av_target', 'prospect_Inc'))": 0.9406285280584075,
    "(('prospect_vertical_50_ac4_av_target', 'prospect_Emp'), ('prospect_vertical_50_ac4_av_source', 'FirstName'))": 0.9384176883714721,
    "(('prospect_vertical_50_ac4_av_source', 'LastName'), ('prospect_vertical_50_ac4_av_target', 'prospect_Emp'))": 0.929538513062154,
    "(('prospect_vertical_50_ac4_av_source', 'NetWorth'), ('prospect_vertical_50_ac4_av_target', 'prospect_NeWo'))": 0.9137345558333849,
    "(('prospect_vertical_50_ac4_av_source', 'State'), ('prospect_vertical_50_ac4_av_target', 'prospect_Emp'))": 0.9058588257090651,
    "(('prospect_vertical_50_ac4_av_source', 'NumberChildren'), ('prospect_vertical_50_ac4_av_target', 'prospect_NuCreCa'))": 0.9022719724685629,
    "(('prospect_vertical_50_ac4_av_source', 'MiddleInitial'), ('prospect_vertical_50_ac4_av_target', 'prospect_MarSt'))": 0.8831117572558426,
    "(('prospect_vertical_50_ac4_av_source', 'MiddleInitial'), ('prospect_vertical_50_ac4_av_target', 'prospect_Ge'))": 0.8428132711607467,
    "(('prospect_vertical_50_ac4_av_source', 'MiddleInitial'), ('prospect_vertical_50_ac4_av_target', 'prospect_OwOReF'))": 0.8220859057558055,
    "(('prospect_vertical_50_ac4_av_target', 'prospect_NumChi'), ('prospect_vertical_50_ac4_av_source', 'NumberChildren'))": 0.8059796226485245,
    "(('prospect_vertical_50_ac4_av_target', 'prospect_NumCa'), ('prospect_vertical_50_ac4_av_source', 'NumberChildren'))": 0.8059796226485245,
    "(('prospect_vertical_50_ac4_av_target', 'prospect_MarSt'), ('prospect_vertical_50_ac4_av_source', 'Gender'))": 0.7564663047673831,
    "(('prospect_vertical_50_ac4_av_target', 'prospect_Ge'), ('prospect_vertical_50_ac4_av_source', 'MaritalStatus'))": 0.7112219741831346,
    "(('prospect_vertical_50_ac4_av_target', 'prospect_OwOReF'), ('prospect_vertical_50_ac4_av_source', 'MaritalStatus'))": 0.5991786228587888,
    "(('prospect_vertical_50_ac4_av_target', 'prospect_OwOReF'), ('prospect_vertical_50_ac4_av_source', 'Gender'))": 0.5021843551046309
  },
  "metrics": {
    "precision": 0.8333333333333334,
    "recall": 0.45454545454545453,
    "f1_score": 0.5882352941176471,
    "precision_at_10_percent": 1.0,
    "precision_at_20_percent": 0.8,
    "precision_at_30_percent": 0.5714285714285714,
    "precision_at_40_percent": 0.5,
    "precision_at_50_percent": 0.5,
    "precision_at_60_percent": 0.42857142857142855,
    "precision_at_70_percent": 0.35294117647058826,
    "precision_at_80_percent": 0.3684210526315789,
    "precision_at_90_percent": 0.3333333333333333,
    "recall_at_sizeof_ground_truth": 0.45454545454545453
  },
  "run_times": {
    "total_time": 114.07159423099802,
    "algorithm_time": 111.63188234100016
  }
}