{
  "name": "prospect_vertical_50_ac5_ev__CorrelationClustering{'threshold1': 0.5, 'threshold2': 0.4, 'quantiles': 256, 'process_num': 4, 'chunk_size': 1, 'clear_cache': True}",
  "matches": {
    "(('prospect_vertical_50_ac5_ev_source', 'AgencyID'), ('prospect_vertical_50_ac5_ev_target', 'prospect_gncd'))": 1.0,
    "(('prospect_vertical_50_ac5_ev_source', 'NumberCars'), ('prospect_vertical_50_ac5_ev_target', 'prospect_nmbrcrs'))": 1.0,
    "(('prospect_vertical_50_ac5_ev_target', 'prospect_g'), ('prospect_vertical_50_ac5_ev_source', 'Age'))": 1.0,
    "(('prospect_vertical_50_ac5_ev_target', 'prospect_nmbrcrdtcrds'), ('prospect_vertical_50_ac5_ev_source', 'NumberCreditCards'))": 1.0,
    "(('prospect_vertical_50_ac5_ev_source', 'AddressLine2'), ('prospect_vertical_50_ac5_ev_target', 'prospect_ddrssln2'))": 1.0,
    "(('prospect_vertical_50_ac5_ev_source', 'Income'), ('prospect_vertical_50_ac5_ev_target', 'prospect_ncm'))": 1.0,
    "(('prospect_vertical_50_ac5_ev_target', 'prospect_ct'), ('prospect_vertical_50_ac5_ev_source', 'City'))": 1.0,
    "(('prospect_vertical_50_ac5_ev_target', 'prospect_cntr'), ('prospect_vertical_50_ac5_ev_source', 'Country'))": 1.0,
    "(('prospect_vertical_50_ac5_ev_target', 'prospect_crdtrtng'), ('prospect_vertical_50_ac5_ev_source', 'CreditRating'))": 1.0,
    "(('prospect_vertical_50_ac5_ev_target', 'prospect_ntwrth'), ('prospect_vertical_50_ac5_ev_source', 'NetWorth'))": 1.0,
    "(('prospect_vertical_50_ac5_ev_source', 'Phone'), ('prospect_vertical_50_ac5_ev_target', 'prospect_phn'))": 1.0,
    "(('prospect_vertical_50_ac5_ev_source', 'NumberCars'), ('prospect_vertical_50_ac5_ev_target', 'prospect_nmbrchldrn'))": 0.9959956011031521,
    "(('prospect_vertical_50_ac5_ev_target', 'prospect_mplr'), ('prospect_vertical_50_ac5_ev_source', 'City'))": 0.9624689291072158,
    "(('prospect_vertical_50_ac5_ev_source', 'LastName'), ('prospect_vertical_50_ac5_ev_target', 'prospect_ct'))": 0.9596518212426488,
    "(('prospect_vertical_50_ac5_ev_target', 'prospect_ct'), ('prospect_vertical_50_ac5_ev_source', 'FirstName'))": 0.9463578501341656,
    "(('prospect_vertical_50_ac5_ev_source', 'City'), ('prospect_vertical_50_ac5_ev_target', 'prospect_stt'))": 0.9432925452324574,
    "(('prospect_vertical_50_ac5_ev_source', 'LastName'), ('prospect_vertical_50_ac5_ev_target', 'prospect_stt'))": 0.9402481459554543,
    "(('prospect_vertical_50_ac5_ev_target', 'prospect_mplr'), ('prospect_vertical_50_ac5_ev_source', 'FirstName'))": 0.9384183764380915,
    "(('prospect_vertical_50_ac5_ev_source', 'LastName'), ('prospect_vertical_50_ac5_ev_target', 'prospect_mplr'))": 0.9295413620222012,
    "(('prospect_vertical_50_ac5_ev_target', 'prospect_stt'), ('prospect_vertical_50_ac5_ev_source', 'FirstName'))": 0.8793462810634787,
    "(('prospect_vertical_50_ac5_ev_target', 'prospect_mrtlstts'), ('prospect_vertical_50_ac5_ev_source', 'MiddleInitial'))": 0.7762748398730287,
    "(('prospect_vertical_50_ac5_ev_target', 'prospect_mrtlstts'), ('prospect_vertical_50_ac5_ev_source', 'Gender'))": 0.7564186071428914,
    "(('prospect_vertical_50_ac5_ev_target', 'prospect_g'), ('prospect_vertical_50_ac5_ev_source', 'NumberCreditCards'))": 0.6919258922947382,
    "(('prospect_vertical_50_ac5_ev_source', 'NumberCars'), ('prospect_vertical_50_ac5_ev_target', 'prospect_nmbrcrdtcrds'))": 0.6911977588819325,
    "(('prospect_vertical_50_ac5_ev_target', 'prospect_nmbrcrs'), ('prospect_vertical_50_ac5_ev_source', 'NumberCreditCards'))": 0.6911977588819325,
    "(('prospect_vertical_50_ac5_ev_target', 'prospect_nmbrchldrn'), ('prospect_vertical_50_ac5_ev_source', 'NumberCreditCards'))": 0.6911977588819325,
    "(('prospect_vertical_50_ac5_ev_target', 'prospect_wnrrntflg'), ('prospect_vertical_50_ac5_ev_source', 'MiddleInitial'))": 0.5715684232624882,
    "(('prospect_vertical_50_ac5_ev_target', 'prospect_nmbrcrdtcrds'), ('prospect_vertical_50_ac5_ev_source', 'Age'))": 0.5289556568043718,
    "(('prospect_vertical_50_ac5_ev_source', 'NumberCars'), ('prospect_vertical_50_ac5_ev_target', 'prospect_g'))": 0.5162093434198102,
    "(('prospect_vertical_50_ac5_ev_target', 'prospect_nmbrcrs'), ('prospect_vertical_50_ac5_ev_source', 'Age'))": 0.5162093434198102,
    "(('prospect_vertical_50_ac5_ev_target', 'prospect_nmbrchldrn'), ('prospect_vertical_50_ac5_ev_source', 'Age'))": 0.5162093434198102,
    "(('prospect_vertical_50_ac5_ev_target', 'prospect_wnrrntflg'), ('prospect_vertical_50_ac5_ev_source', 'Gender'))": 0.5021838543495662
  },
  "metrics": {
    "precision": 0.8461538461538461,
    "recall": 1.0,
    "f1_score": 0.9166666666666666,
    "precision_at_10_percent": 1.0,
    "precision_at_20_percent": 1.0,
    "precision_at_30_percent": 1.0,
    "precision_at_40_percent": 0.8461538461538461,
    "precision_at_50_percent": 0.6875,
    "precision_at_60_percent": 0.55,
    "precision_at_70_percent": 0.4782608695652174,
    "precision_at_80_percent": 0.4230769230769231,
    "precision_at_90_percent": 0.3793103448275862,
    "recall_at_sizeof_ground_truth": 1.0
  },
  "run_times": {
    "total_time": 98.76468458499949,
    "algorithm_time": 97.88493693700002
  }
}