{
  "name": "prospect_vertical_30_ac2_ev__CorrelationClustering{'threshold1': 0.3, 'threshold2': 0.3, 'quantiles': 256, 'process_num': 4, 'chunk_size': 1, 'clear_cache': True}",
  "matches": {
    "(('prospect_vertical_30_ac2_ev_target', 'AgeID'), ('prospect_vertical_30_ac2_ev_source', 'AgencyID'))": 1.0,
    "(('prospect_vertical_30_ac2_ev_target', 'CreRat'), ('prospect_vertical_30_ac2_ev_source', 'CreditRating'))": 1.0,
    "(('prospect_vertical_30_ac2_ev_source', 'NumberCreditCards'), ('prospect_vertical_30_ac2_ev_target', 'NuCreCa'))": 1.0,
    "(('prospect_vertical_30_ac2_ev_target', 'NumChi'), ('prospect_vertical_30_ac2_ev_source', 'NumberChildren'))": 1.0,
    "(('prospect_vertical_30_ac2_ev_source', 'FirstName'), ('prospect_vertical_30_ac2_ev_target', 'FiN'))": 1.0,
    "(('prospect_vertical_30_ac2_ev_target', 'MariSta'), ('prospect_vertical_30_ac2_ev_source', 'MaritalStatus'))": 1.0,
    "(('prospect_vertical_30_ac2_ev_source', 'NumberChildren'), ('prospect_vertical_30_ac2_ev_target', 'NuC'))": 0.9961585646968522,
    "(('prospect_vertical_30_ac2_ev_target', 'FiN'), ('prospect_vertical_30_ac2_ev_source', 'LastName'))": 0.9898974737291311,
    "(('prospect_vertical_30_ac2_ev_target', 'FiN'), ('prospect_vertical_30_ac2_ev_source', 'City'))": 0.9678661794245057,
    "(('prospect_vertical_30_ac2_ev_target', 'Empl'), ('prospect_vertical_30_ac2_ev_source', 'City'))": 0.9624689291072158,
    "(('prospect_vertical_30_ac2_ev_target', 'Empl'), ('prospect_vertical_30_ac2_ev_source', 'FirstName'))": 0.9384183764380915,
    "(('prospect_vertical_30_ac2_ev_target', 'Empl'), ('prospect_vertical_30_ac2_ev_source', 'LastName'))": 0.9297253495623153,
    "(('prospect_vertical_30_ac2_ev_source', 'MiddleInitial'), ('prospect_vertical_30_ac2_ev_target', 'MariSta'))": 0.8831117572558426,
    "(('prospect_vertical_30_ac2_ev_source', 'Gender'), ('prospect_vertical_30_ac2_ev_target', 'MariSta'))": 0.7112219741831346,
    "(('prospect_vertical_30_ac2_ev_target', 'OwORF'), ('prospect_vertical_30_ac2_ev_source', 'MaritalStatus'))": 0.5991786228587888,
    "(('prospect_vertical_30_ac2_ev_target', 'OwORF'), ('prospect_vertical_30_ac2_ev_source', 'MiddleInitial'))": 0.5715684232624882,
    "(('prospect_vertical_30_ac2_ev_target', 'OwORF'), ('prospect_vertical_30_ac2_ev_source', 'Gender'))": 0.5021838543495662
  },
  "metrics": {
    "precision": 0.8571428571428571,
    "recall": 1.0,
    "f1_score": 0.923076923076923,
    "precision_at_10_percent": 1.0,
    "precision_at_20_percent": 1.0,
    "precision_at_30_percent": 1.0,
    "precision_at_40_percent": 0.8571428571428571,
    "precision_at_50_percent": 0.6666666666666666,
    "precision_at_60_percent": 0.5454545454545454,
    "precision_at_70_percent": 0.5,
    "precision_at_80_percent": 0.42857142857142855,
    "precision_at_90_percent": 0.375,
    "recall_at_sizeof_ground_truth": 1.0
  },
  "run_times": {
    "total_time": 93.05251157100065,
    "algorithm_time": 89.87381036100123
  }
}