{
  "name": "prospect_vertical_50_ac3_ev__CorrelationClustering{'threshold1': 0.3, 'threshold2': 0.5, 'quantiles': 256, 'process_num': 4, 'chunk_size': 1, 'clear_cache': True}",
  "matches": {
    "(('prospect_vertical_50_ac3_ev_target', 'gncd'), ('prospect_vertical_50_ac3_ev_source', 'AgencyID'))": 1.0,
    "(('prospect_vertical_50_ac3_ev_target', 'cntr'), ('prospect_vertical_50_ac3_ev_source', 'Country'))": 1.0,
    "(('prospect_vertical_50_ac3_ev_target', 'ntwrth'), ('prospect_vertical_50_ac3_ev_source', 'NetWorth'))": 1.0,
    "(('prospect_vertical_50_ac3_ev_source', 'AddressLine2'), ('prospect_vertical_50_ac3_ev_target', 'ddrssln2'))": 1.0,
    "(('prospect_vertical_50_ac3_ev_target', 'phn'), ('prospect_vertical_50_ac3_ev_source', 'Phone'))": 1.0,
    "(('prospect_vertical_50_ac3_ev_source', 'FirstName'), ('prospect_vertical_50_ac3_ev_target', 'frstnm'))": 1.0,
    "(('prospect_vertical_50_ac3_ev_target', 'mplr'), ('prospect_vertical_50_ac3_ev_source', 'Employer'))": 1.0,
    "(('prospect_vertical_50_ac3_ev_source', 'Income'), ('prospect_vertical_50_ac3_ev_target', 'ncm'))": 1.0,
    "(('prospect_vertical_50_ac3_ev_source', 'NumberCreditCards'), ('prospect_vertical_50_ac3_ev_target', 'nmbrcrdtcrds'))": 1.0,
    "(('prospect_vertical_50_ac3_ev_source', 'OwnOrRentFlag'), ('prospect_vertical_50_ac3_ev_target', 'wnrrntflg'))": 1.0,
    "(('prospect_vertical_50_ac3_ev_source', 'MiddleInitial'), ('prospect_vertical_50_ac3_ev_target', 'mddlntl'))": 1.0,
    "(('prospect_vertical_50_ac3_ev_target', 'frstnm'), ('prospect_vertical_50_ac3_ev_source', 'LastName'))": 0.9898974737291311,
    "(('prospect_vertical_50_ac3_ev_source', 'City'), ('prospect_vertical_50_ac3_ev_target', 'mplr'))": 0.9563748157950982,
    "(('prospect_vertical_50_ac3_ev_source', 'City'), ('prospect_vertical_50_ac3_ev_target', 'frstnm'))": 0.9463578501341656,
    "(('prospect_vertical_50_ac3_ev_source', 'FirstName'), ('prospect_vertical_50_ac3_ev_target', 'mplr'))": 0.938403793209503,
    "(('prospect_vertical_50_ac3_ev_target', 'frstnm'), ('prospect_vertical_50_ac3_ev_source', 'Employer'))": 0.938403793209503,
    "(('prospect_vertical_50_ac3_ev_target', 'stt'), ('prospect_vertical_50_ac3_ev_source', 'City'))": 0.9356639044761771,
    "(('prospect_vertical_50_ac3_ev_target', 'mplr'), ('prospect_vertical_50_ac3_ev_source', 'LastName'))": 0.9297253495623153,
    "(('prospect_vertical_50_ac3_ev_target', 'stt'), ('prospect_vertical_50_ac3_ev_source', 'Employer'))": 0.9058588257090651,
    "(('prospect_vertical_50_ac3_ev_target', 'stt'), ('prospect_vertical_50_ac3_ev_source', 'LastName'))": 0.8850547979487198,
    "(('prospect_vertical_50_ac3_ev_target', 'stt'), ('prospect_vertical_50_ac3_ev_source', 'FirstName'))": 0.8793462810634787,
    "(('prospect_vertical_50_ac3_ev_target', 'mrtlstts'), ('prospect_vertical_50_ac3_ev_source', 'OwnOrRentFlag'))": 0.8260902092726079,
    "(('prospect_vertical_50_ac3_ev_source', 'MiddleInitial'), ('prospect_vertical_50_ac3_ev_target', 'wnrrntflg'))": 0.8220859057558055,
    "(('prospect_vertical_50_ac3_ev_source', 'NumberCreditCards'), ('prospect_vertical_50_ac3_ev_target', 'nmbrcrs'))": 0.8162698956226878,
    "(('prospect_vertical_50_ac3_ev_source', 'NumberCreditCards'), ('prospect_vertical_50_ac3_ev_target', 'nmbrchldrn'))": 0.8147636829122008,
    "(('prospect_vertical_50_ac3_ev_target', 'mrtlstts'), ('prospect_vertical_50_ac3_ev_source', 'MiddleInitial'))": 0.7762748398730287,
    "(('prospect_vertical_50_ac3_ev_source', 'Gender'), ('prospect_vertical_50_ac3_ev_target', 'mddlntl'))": 0.7738726552126324,
    "(('prospect_vertical_50_ac3_ev_source', 'Gender'), ('prospect_vertical_50_ac3_ev_target', 'mrtlstts'))": 0.7112219741831346,
    "(('prospect_vertical_50_ac3_ev_source', 'Gender'), ('prospect_vertical_50_ac3_ev_target', 'wnrrntflg'))": 0.6443473044895983,
    "(('prospect_vertical_50_ac3_ev_source', 'OwnOrRentFlag'), ('prospect_vertical_50_ac3_ev_target', 'mddlntl'))": 0.5715684232624882
  },
  "metrics": {
    "precision": 0.9166666666666666,
    "recall": 1.0,
    "f1_score": 0.9565217391304348,
    "precision_at_10_percent": 1.0,
    "precision_at_20_percent": 1.0,
    "precision_at_30_percent": 1.0,
    "precision_at_40_percent": 0.9166666666666666,
    "precision_at_50_percent": 0.7333333333333333,
    "precision_at_60_percent": 0.6111111111111112,
    "precision_at_70_percent": 0.5238095238095238,
    "precision_at_80_percent": 0.4583333333333333,
    "precision_at_90_percent": 0.4074074074074074,
    "recall_at_sizeof_ground_truth": 1.0
  },
  "run_times": {
    "total_time": 105.47684240200033,
    "algorithm_time": 104.77186609800083
  }
}