{
  "name": "prospect_horizontal_0_ac1_av__CorrelationClustering{'threshold1': 0.15, 'threshold2': 0.15, 'quantiles': 256, 'process_num': 4, 'chunk_size': 1, 'clear_cache': True}",
  "matches": {
    "(('prospect_horizontal_0_ac1_av_source', 'Country'), ('prospect_horizontal_0_ac1_av_target', 'prospect_Country'))": 0.9998953858308358,
    "(('prospect_horizontal_0_ac1_av_target', 'prospect_OwnOrRentFlag'), ('prospect_horizontal_0_ac1_av_source', 'OwnOrRentFlag'))": 0.9983663008970283,
    "(('prospect_horizontal_0_ac1_av_target', 'prospect_NumberChildren'), ('prospect_horizontal_0_ac1_av_source', 'NumberCars'))": 0.9968397696505971,
    "(('prospect_horizontal_0_ac1_av_target', 'prospect_NumberCars'), ('prospect_horizontal_0_ac1_av_source', 'NumberCars'))": 0.9968136864830642,
    "(('prospect_horizontal_0_ac1_av_target', 'prospect_Gender'), ('prospect_horizontal_0_ac1_av_source', 'Gender'))": 0.9966427818341754,
    "(('prospect_horizontal_0_ac1_av_target', 'prospect_NumberChildren'), ('prospect_horizontal_0_ac1_av_source', 'NumberChildren'))": 0.9965175460733809,
    "(('prospect_horizontal_0_ac1_av_source', 'City'), ('prospect_horizontal_0_ac1_av_target', 'prospect_City'))": 0.9959706997209571,
    "(('prospect_horizontal_0_ac1_av_target', 'prospect_NumberCars'), ('prospect_horizontal_0_ac1_av_source', 'NumberChildren'))": 0.995927280114694,
    "(('prospect_horizontal_0_ac1_av_source', 'NumberCreditCards'), ('prospect_horizontal_0_ac1_av_target', 'prospect_NumberCreditCards'))": 0.9956342094353238,
    "(('prospect_horizontal_0_ac1_av_target', 'prospect_CreditRating'), ('prospect_horizontal_0_ac1_av_source', 'CreditRating'))": 0.9948906888294117,
    "(('prospect_horizontal_0_ac1_av_source', 'State'), ('prospect_horizontal_0_ac1_av_target', 'prospect_State'))": 0.9945734752065646,
    "(('prospect_horizontal_0_ac1_av_target', 'prospect_MaritalStatus'), ('prospect_horizontal_0_ac1_av_source', 'MaritalStatus'))": 0.9930902664159933,
    "(('prospect_horizontal_0_ac1_av_target', 'prospect_NetWorth'), ('prospect_horizontal_0_ac1_av_source', 'NetWorth'))": 0.9927899275991275,
    "(('prospect_horizontal_0_ac1_av_target', 'prospect_Age'), ('prospect_horizontal_0_ac1_av_source', 'Age'))": 0.9927800759564359,
    "(('prospect_horizontal_0_ac1_av_source', 'Employer'), ('prospect_horizontal_0_ac1_av_target', 'prospect_Employer'))": 0.9925607438193774,
    "(('prospect_horizontal_0_ac1_av_target', 'prospect_Income'), ('prospect_horizontal_0_ac1_av_source', 'Income'))": 0.991455800644083,
    "(('prospect_horizontal_0_ac1_av_target', 'prospect_MiddleInitial'), ('prospect_horizontal_0_ac1_av_source', 'MiddleInitial'))": 0.9879202269011186,
    "(('prospect_horizontal_0_ac1_av_target', 'prospect_City'), ('prospect_horizontal_0_ac1_av_source', 'LastName'))": 0.963023770463634,
    "(('prospect_horizontal_0_ac1_av_target', 'prospect_City'), ('prospect_horizontal_0_ac1_av_source', 'FirstName'))": 0.9545445229322025
  },
  "metrics": {
    "precision": 0.8666666666666667,
    "recall": 0.5909090909090909,
    "f1_score": 0.7027027027027029,
    "precision_at_10_percent": 1.0,
    "precision_at_20_percent": 0.75,
    "precision_at_30_percent": 0.8333333333333334,
    "precision_at_40_percent": 0.75,
    "precision_at_50_percent": 0.8,
    "precision_at_60_percent": 0.8333333333333334,
    "precision_at_70_percent": 0.8571428571428571,
    "precision_at_80_percent": 0.875,
    "precision_at_90_percent": 0.8333333333333334,
    "recall_at_sizeof_ground_truth": 0.6818181818181818
  },
  "run_times": {
    "total_time": 138.12390072000017,
    "algorithm_time": 137.13559204299963
  }
}