{
  "name": "prospect_both_50_50_ac5_ev__CorrelationClustering{'threshold1': 0.5, 'threshold2': 0.4, 'quantiles': 256, 'process_num': 4, 'chunk_size': 1, 'clear_cache': True}",
  "matches": {
    "(('prospect_both_50_50_ac5_ev_source', 'NumberCars'), ('prospect_both_50_50_ac5_ev_target', 'prospect_nmbrcrs'))": 0.997583726577638,
    "(('prospect_both_50_50_ac5_ev_source', 'State'), ('prospect_both_50_50_ac5_ev_target', 'prospect_stt'))": 0.9967851093817971,
    "(('prospect_both_50_50_ac5_ev_source', 'CreditRating'), ('prospect_both_50_50_ac5_ev_target', 'prospect_crdtrtng'))": 0.9960777386172405,
    "(('prospect_both_50_50_ac5_ev_target', 'prospect_mrtlstts'), ('prospect_both_50_50_ac5_ev_source', 'MaritalStatus'))": 0.9952274489931225,
    "(('prospect_both_50_50_ac5_ev_target', 'prospect_g'), ('prospect_both_50_50_ac5_ev_source', 'Age'))": 0.9946150405245258,
    "(('prospect_both_50_50_ac5_ev_target', 'prospect_mplr'), ('prospect_both_50_50_ac5_ev_source', 'Employer'))": 0.9945120091231056,
    "(('prospect_both_50_50_ac5_ev_source', 'NumberCars'), ('prospect_both_50_50_ac5_ev_target', 'prospect_nmbrchldrn'))": 0.994380136400536,
    "(('prospect_both_50_50_ac5_ev_source', 'Income'), ('prospect_both_50_50_ac5_ev_target', 'prospect_ncm'))": 0.9943705662538809,
    "(('prospect_both_50_50_ac5_ev_target', 'prospect_ntwrth'), ('prospect_both_50_50_ac5_ev_source', 'NetWorth'))": 0.9922757664241204,
    "(('prospect_both_50_50_ac5_ev_source', 'LastName'), ('prospect_both_50_50_ac5_ev_target', 'prospect_ct'))": 0.9804586036784109,
    "(('prospect_both_50_50_ac5_ev_source', 'FirstName'), ('prospect_both_50_50_ac5_ev_target', 'prospect_ct'))": 0.9760333455946532,
    "(('prospect_both_50_50_ac5_ev_target', 'prospect_gncd'), ('prospect_both_50_50_ac5_ev_source', 'AgencyID'))": 0.9735550975295886,
    "(('prospect_both_50_50_ac5_ev_source', 'FirstName'), ('prospect_both_50_50_ac5_ev_target', 'prospect_mplr'))": 0.9632008680196297,
    "(('prospect_both_50_50_ac5_ev_target', 'prospect_ct'), ('prospect_both_50_50_ac5_ev_source', 'Employer'))": 0.960578729736065,
    "(('prospect_both_50_50_ac5_ev_target', 'prospect_mplr'), ('prospect_both_50_50_ac5_ev_source', 'LastName'))": 0.9529119004117909,
    "(('prospect_both_50_50_ac5_ev_target', 'prospect_ct'), ('prospect_both_50_50_ac5_ev_source', 'State'))": 0.9413771756509506,
    "(('prospect_both_50_50_ac5_ev_source', 'LastName'), ('prospect_both_50_50_ac5_ev_target', 'prospect_stt'))": 0.9403645481203404,
    "(('prospect_both_50_50_ac5_ev_source', 'FirstName'), ('prospect_both_50_50_ac5_ev_target', 'prospect_stt'))": 0.9336117833425623,
    "(('prospect_both_50_50_ac5_ev_source', 'Employer'), ('prospect_both_50_50_ac5_ev_target', 'prospect_stt'))": 0.9286323573499567,
    "(('prospect_both_50_50_ac5_ev_target', 'prospect_mplr'), ('prospect_both_50_50_ac5_ev_source', 'State'))": 0.9239947772887186,
    "(('prospect_both_50_50_ac5_ev_source', 'PostalCode'), ('prospect_both_50_50_ac5_ev_target', 'prospect_pstlcd'))": 0.9029009660898555,
    "(('prospect_both_50_50_ac5_ev_source', 'MiddleInitial'), ('prospect_both_50_50_ac5_ev_target', 'prospect_mrtlstts'))": 0.8821150626686906,
    "(('prospect_both_50_50_ac5_ev_source', 'AddressLine1'), ('prospect_both_50_50_ac5_ev_target', 'prospect_ddrssln1'))": 0.8712077387595184,
    "(('prospect_both_50_50_ac5_ev_source', 'MiddleInitial'), ('prospect_both_50_50_ac5_ev_target', 'prospect_wnrrntflg'))": 0.8318747851317079,
    "(('prospect_both_50_50_ac5_ev_target', 'prospect_mrtlstts'), ('prospect_both_50_50_ac5_ev_source', 'Gender'))": 0.7543681390664133,
    "(('prospect_both_50_50_ac5_ev_source', 'Age'), ('prospect_both_50_50_ac5_ev_target', 'prospect_nmbrcrdtcrds'))": 0.6919037512778765,
    "(('prospect_both_50_50_ac5_ev_source', 'NumberCars'), ('prospect_both_50_50_ac5_ev_target', 'prospect_nmbrcrdtcrds'))": 0.6900801983454348,
    "(('prospect_both_50_50_ac5_ev_source', 'Age'), ('prospect_both_50_50_ac5_ev_target', 'prospect_nmbrcrs'))": 0.6806550731008177,
    "(('prospect_both_50_50_ac5_ev_source', 'Age'), ('prospect_both_50_50_ac5_ev_target', 'prospect_nmbrchldrn'))": 0.6805184805631256,
    "(('prospect_both_50_50_ac5_ev_target', 'prospect_g'), ('prospect_both_50_50_ac5_ev_source', 'NumberCars'))": 0.6802491119311479,
    "(('prospect_both_50_50_ac5_ev_target', 'prospect_wnrrntflg'), ('prospect_both_50_50_ac5_ev_source', 'MaritalStatus'))": 0.5987177835465174,
    "(('prospect_both_50_50_ac5_ev_target', 'prospect_wnrrntflg'), ('prospect_both_50_50_ac5_ev_source', 'Gender'))": 0.5023613089702023
  },
  "metrics": {
    "precision": 0.9,
    "recall": 0.8181818181818182,
    "f1_score": 0.8571428571428572,
    "precision_at_10_percent": 1.0,
    "precision_at_20_percent": 0.8571428571428571,
    "precision_at_30_percent": 0.8,
    "precision_at_40_percent": 0.6923076923076923,
    "precision_at_50_percent": 0.5625,
    "precision_at_60_percent": 0.45,
    "precision_at_70_percent": 0.4782608695652174,
    "precision_at_80_percent": 0.4230769230769231,
    "precision_at_90_percent": 0.3793103448275862,
    "recall_at_sizeof_ground_truth": 0.7272727272727273
  },
  "run_times": {
    "total_time": 84.73717883000063,
    "algorithm_time": 84.23127507600111
  }
}