{
  "name": "prospect_horizontal_100_ac3_ev__CorrelationClustering{'threshold1': 0.2, 'threshold2': 0.15, 'quantiles': 256, 'process_num': 4, 'chunk_size': 1, 'clear_cache': True}",
  "matches": {
    "(('prospect_horizontal_100_ac3_ev_target', 'cntr'), ('prospect_horizontal_100_ac3_ev_source', 'Country'))": 0.9999467527771755,
    "(('prospect_horizontal_100_ac3_ev_source', 'OwnOrRentFlag'), ('prospect_horizontal_100_ac3_ev_target', 'wnrrntflg'))": 0.9991804235381831,
    "(('prospect_horizontal_100_ac3_ev_target', 'nmbrcrs'), ('prospect_horizontal_100_ac3_ev_source', 'NumberCars'))": 0.9984069176779664,
    "(('prospect_horizontal_100_ac3_ev_target', 'gndr'), ('prospect_horizontal_100_ac3_ev_source', 'Gender'))": 0.9983254943594652,
    "(('prospect_horizontal_100_ac3_ev_target', 'phn'), ('prospect_horizontal_100_ac3_ev_source', 'Phone'))": 0.9983240875859017,
    "(('prospect_horizontal_100_ac3_ev_target', 'nmbrchldrn'), ('prospect_horizontal_100_ac3_ev_source', 'NumberChildren'))": 0.9982534314430968,
    "(('prospect_horizontal_100_ac3_ev_source', 'City'), ('prospect_horizontal_100_ac3_ev_target', 'ct'))": 0.9979859081017691,
    "(('prospect_horizontal_100_ac3_ev_target', 'nmbrcrdtcrds'), ('prospect_horizontal_100_ac3_ev_source', 'NumberCreditCards'))": 0.9978085023290285,
    "(('prospect_horizontal_100_ac3_ev_target', 'nmbrchldrn'), ('prospect_horizontal_100_ac3_ev_source', 'NumberCars'))": 0.9977007993773156,
    "(('prospect_horizontal_100_ac3_ev_target', 'nmbrcrs'), ('prospect_horizontal_100_ac3_ev_source', 'NumberChildren'))": 0.9976603636265365,
    "(('prospect_horizontal_100_ac3_ev_source', 'CreditRating'), ('prospect_horizontal_100_ac3_ev_target', 'crdtrtng'))": 0.9974203168449104,
    "(('prospect_horizontal_100_ac3_ev_target', 'stt'), ('prospect_horizontal_100_ac3_ev_source', 'State'))": 0.9971990899725016,
    "(('prospect_horizontal_100_ac3_ev_source', 'MaritalStatus'), ('prospect_horizontal_100_ac3_ev_target', 'mrtlstts'))": 0.9965485176348525,
    "(('prospect_horizontal_100_ac3_ev_source', 'NetWorth'), ('prospect_horizontal_100_ac3_ev_target', 'ntwrth'))": 0.996428243306234,
    "(('prospect_horizontal_100_ac3_ev_source', 'Age'), ('prospect_horizontal_100_ac3_ev_target', 'g'))": 0.9964241672396524,
    "(('prospect_horizontal_100_ac3_ev_source', 'Employer'), ('prospect_horizontal_100_ac3_ev_target', 'mplr'))": 0.9962546369862795,
    "(('prospect_horizontal_100_ac3_ev_target', 'ncm'), ('prospect_horizontal_100_ac3_ev_source', 'Income'))": 0.9957032638163319,
    "(('prospect_horizontal_100_ac3_ev_source', 'MiddleInitial'), ('prospect_horizontal_100_ac3_ev_target', 'mddlntl'))": 0.9942634192622521,
    "(('prospect_horizontal_100_ac3_ev_target', 'ddrssln2'), ('prospect_horizontal_100_ac3_ev_source', 'AddressLine2'))": 0.9855151514880193,
    "(('prospect_horizontal_100_ac3_ev_target', 'lstnm'), ('prospect_horizontal_100_ac3_ev_source', 'LastName'))": 0.9722625515817293,
    "(('prospect_horizontal_100_ac3_ev_source', 'AgencyID'), ('prospect_horizontal_100_ac3_ev_target', 'gncd'))": 0.9722574747477819,
    "(('prospect_horizontal_100_ac3_ev_source', 'FirstName'), ('prospect_horizontal_100_ac3_ev_target', 'frstnm'))": 0.9647171959468241,
    "(('prospect_horizontal_100_ac3_ev_source', 'PostalCode'), ('prospect_horizontal_100_ac3_ev_target', 'pstlcd'))": 0.8969533640563717,
    "(('prospect_horizontal_100_ac3_ev_source', 'MiddleInitial'), ('prospect_horizontal_100_ac3_ev_target', 'mrtlstts'))": 0.8823587129832926,
    "(('prospect_horizontal_100_ac3_ev_source', 'MaritalStatus'), ('prospect_horizontal_100_ac3_ev_target', 'mddlntl'))": 0.7756021165532425,
    "(('prospect_horizontal_100_ac3_ev_target', 'ddrssln1'), ('prospect_horizontal_100_ac3_ev_source', 'AddressLine1'))": 0.7541988766515757
  },
  "metrics": {
    "precision": 1.0,
    "recall": 0.8636363636363636,
    "f1_score": 0.9268292682926829,
    "precision_at_10_percent": 1.0,
    "precision_at_20_percent": 1.0,
    "precision_at_30_percent": 1.0,
    "precision_at_40_percent": 0.8181818181818182,
    "precision_at_50_percent": 0.8461538461538461,
    "precision_at_60_percent": 0.875,
    "precision_at_70_percent": 0.8947368421052632,
    "precision_at_80_percent": 0.9047619047619048,
    "precision_at_90_percent": 0.875,
    "recall_at_sizeof_ground_truth": 0.9090909090909091
  },
  "run_times": {
    "total_time": 161.61513885800014,
    "algorithm_time": 160.81705898099972
  }
}