{
  "name": "prospect_both_50_30_ac1_ev__CorrelationClustering{'threshold1': 0.3, 'threshold2': 0.3, 'quantiles': 256, 'process_num': 4, 'chunk_size': 1, 'clear_cache': True}",
  "matches": {
    "(('prospect_both_50_30_ac1_ev_source', 'Country'), ('prospect_both_50_30_ac1_ev_target', 'prospect_Country'))": 0.9992093747175093,
    "(('prospect_both_50_30_ac1_ev_target', 'prospect_OwnOrRentFlag'), ('prospect_both_50_30_ac1_ev_source', 'OwnOrRentFlag'))": 0.9988285632060875,
    "(('prospect_both_50_30_ac1_ev_source', 'CreditRating'), ('prospect_both_50_30_ac1_ev_target', 'prospect_CreditRating'))": 0.9960777386172405,
    "(('prospect_both_50_30_ac1_ev_target', 'prospect_MaritalStatus'), ('prospect_both_50_30_ac1_ev_source', 'MaritalStatus'))": 0.9952274489931225,
    "(('prospect_both_50_30_ac1_ev_source', 'MiddleInitial'), ('prospect_both_50_30_ac1_ev_target', 'prospect_MiddleInitial'))": 0.9920449379057182,
    "(('prospect_both_50_30_ac1_ev_source', 'AgencyID'), ('prospect_both_50_30_ac1_ev_target', 'prospect_AgencyID'))": 0.9731178910839503,
    "(('prospect_both_50_30_ac1_ev_source', 'City'), ('prospect_both_50_30_ac1_ev_target', 'prospect_Employer'))": 0.9552599643402879,
    "(('prospect_both_50_30_ac1_ev_source', 'LastName'), ('prospect_both_50_30_ac1_ev_target', 'prospect_Employer'))": 0.9521464579637495,
    "(('prospect_both_50_30_ac1_ev_source', 'MiddleInitial'), ('prospect_both_50_30_ac1_ev_target', 'prospect_MaritalStatus'))": 0.8821150626686906,
    "(('prospect_both_50_30_ac1_ev_target', 'prospect_MiddleInitial'), ('prospect_both_50_30_ac1_ev_source', 'Gender'))": 0.8443456913697781,
    "(('prospect_both_50_30_ac1_ev_source', 'MiddleInitial'), ('prospect_both_50_30_ac1_ev_target', 'prospect_OwnOrRentFlag'))": 0.8318747851317079,
    "(('prospect_both_50_30_ac1_ev_target', 'prospect_MaritalStatus'), ('prospect_both_50_30_ac1_ev_source', 'OwnOrRentFlag'))": 0.8263228564186852,
    "(('prospect_both_50_30_ac1_ev_target', 'prospect_MaritalStatus'), ('prospect_both_50_30_ac1_ev_source', 'Gender'))": 0.7543681390664133,
    "(('prospect_both_50_30_ac1_ev_source', 'MaritalStatus'), ('prospect_both_50_30_ac1_ev_target', 'prospect_MiddleInitial'))": 0.7388340282607722,
    "(('prospect_both_50_30_ac1_ev_target', 'prospect_OwnOrRentFlag'), ('prospect_both_50_30_ac1_ev_source', 'MaritalStatus'))": 0.5987177835465174,
    "(('prospect_both_50_30_ac1_ev_source', 'OwnOrRentFlag'), ('prospect_both_50_30_ac1_ev_target', 'prospect_MiddleInitial'))": 0.5714427831447778,
    "(('prospect_both_50_30_ac1_ev_target', 'prospect_OwnOrRentFlag'), ('prospect_both_50_30_ac1_ev_source', 'Gender'))": 0.5023613089702023
  },
  "metrics": {
    "precision": 0.8571428571428571,
    "recall": 1.0,
    "f1_score": 0.923076923076923,
    "precision_at_10_percent": 1.0,
    "precision_at_20_percent": 1.0,
    "precision_at_30_percent": 1.0,
    "precision_at_40_percent": 0.8571428571428571,
    "precision_at_50_percent": 0.6666666666666666,
    "precision_at_60_percent": 0.5454545454545454,
    "precision_at_70_percent": 0.5,
    "precision_at_80_percent": 0.42857142857142855,
    "precision_at_90_percent": 0.375,
    "recall_at_sizeof_ground_truth": 1.0
  },
  "run_times": {
    "total_time": 61.880189038000026,
    "algorithm_time": 60.946703146999425
  }
}