{
  "name": "prospect_both_0_50_ec_ev__CorrelationClustering{'threshold1': 0.15, 'threshold2': 0.15, 'quantiles': 256, 'process_num': 4, 'chunk_size': 1, 'clear_cache': True}",
  "matches": {
    "(('prospect_both_0_50_ec_ev_source', 'Country'), ('prospect_both_0_50_ec_ev_target', 'Country'))": 0.9998953858308358,
    "(('prospect_both_0_50_ec_ev_source', 'OwnOrRentFlag'), ('prospect_both_0_50_ec_ev_target', 'OwnOrRentFlag'))": 0.9983663008970283,
    "(('prospect_both_0_50_ec_ev_source', 'NumberChildren'), ('prospect_both_0_50_ec_ev_target', 'NumberChildren'))": 0.9960888555550949,
    "(('prospect_both_0_50_ec_ev_target', 'NumberCreditCards'), ('prospect_both_0_50_ec_ev_source', 'NumberCreditCards'))": 0.9956342094353238,
    "(('prospect_both_0_50_ec_ev_source', 'NumberChildren'), ('prospect_both_0_50_ec_ev_target', 'NumberCars'))": 0.9952142647586303,
    "(('prospect_both_0_50_ec_ev_source', 'MaritalStatus'), ('prospect_both_0_50_ec_ev_target', 'MaritalStatus'))": 0.9951560203743252,
    "(('prospect_both_0_50_ec_ev_source', 'State'), ('prospect_both_0_50_ec_ev_target', 'State'))": 0.9945734752065646,
    "(('prospect_both_0_50_ec_ev_source', 'NetWorth'), ('prospect_both_0_50_ec_ev_target', 'NetWorth'))": 0.9928506219351471,
    "(('prospect_both_0_50_ec_ev_target', 'State'), ('prospect_both_0_50_ec_ev_source', 'LastName'))": 0.9005967193109581
  },
  "metrics": {
    "precision": 1.0,
    "recall": 0.45454545454545453,
    "f1_score": 0.625,
    "precision_at_10_percent": 1.0,
    "precision_at_20_percent": 1.0,
    "precision_at_30_percent": 1.0,
    "precision_at_40_percent": 1.0,
    "precision_at_50_percent": 0.8,
    "precision_at_60_percent": 0.8333333333333334,
    "precision_at_70_percent": 0.8571428571428571,
    "precision_at_80_percent": 0.875,
    "precision_at_90_percent": 0.7777777777777778,
    "recall_at_sizeof_ground_truth": 0.6363636363636364
  },
  "run_times": {
    "total_time": 49.78487269300058,
    "algorithm_time": 48.87170231100026
  }
}