{
  "name": "prospect_horizontal_0_ac2_av__CorrelationClustering{'threshold1': 0.15, 'threshold2': 0.2, 'quantiles': 256, 'process_num': 4, 'chunk_size': 1, 'clear_cache': True}",
  "matches": {
    "(('prospect_horizontal_0_ac2_av_source', 'Country'), ('prospect_horizontal_0_ac2_av_target', 'Coun'))": 0.9998953858308358,
    "(('prospect_horizontal_0_ac2_av_target', 'OOReFl'), ('prospect_horizontal_0_ac2_av_source', 'OwnOrRentFlag'))": 0.9983663008970283,
    "(('prospect_horizontal_0_ac2_av_source', 'NumberCars'), ('prospect_horizontal_0_ac2_av_target', 'NumC'))": 0.9969762979874353,
    "(('prospect_horizontal_0_ac2_av_target', 'Ge'), ('prospect_horizontal_0_ac2_av_source', 'Gender'))": 0.9966427818341754,
    "(('prospect_horizontal_0_ac2_av_source', 'NumberCars'), ('prospect_horizontal_0_ac2_av_target', 'NuCh'))": 0.9964667794314603,
    "(('prospect_horizontal_0_ac2_av_source', 'NumberChildren'), ('prospect_horizontal_0_ac2_av_target', 'NuCh'))": 0.9960888555550949,
    "(('prospect_horizontal_0_ac2_av_source', 'City'), ('prospect_horizontal_0_ac2_av_target', 'Ci'))": 0.9959706997209571,
    "(('prospect_horizontal_0_ac2_av_source', 'NumberCreditCards'), ('prospect_horizontal_0_ac2_av_target', 'NuCreCa'))": 0.9956342094353238,
    "(('prospect_horizontal_0_ac2_av_source', 'NumberChildren'), ('prospect_horizontal_0_ac2_av_target', 'NumC'))": 0.9952142647586303,
    "(('prospect_horizontal_0_ac2_av_source', 'MaritalStatus'), ('prospect_horizontal_0_ac2_av_target', 'MariSta'))": 0.9951560203743252,
    "(('prospect_horizontal_0_ac2_av_source', 'CreditRating'), ('prospect_horizontal_0_ac2_av_target', 'CrRat'))": 0.9949193645779973,
    "(('prospect_horizontal_0_ac2_av_target', 'Sta'), ('prospect_horizontal_0_ac2_av_source', 'State'))": 0.9944130537682558,
    "(('prospect_horizontal_0_ac2_av_source', 'NetWorth'), ('prospect_horizontal_0_ac2_av_target', 'NeWo'))": 0.992851168640675,
    "(('prospect_horizontal_0_ac2_av_target', 'Ag'), ('prospect_horizontal_0_ac2_av_source', 'Age'))": 0.9927800759564359,
    "(('prospect_horizontal_0_ac2_av_target', 'Em'), ('prospect_horizontal_0_ac2_av_source', 'Employer'))": 0.9925565107023416,
    "(('prospect_horizontal_0_ac2_av_source', 'Income'), ('prospect_horizontal_0_ac2_av_target', 'Inc'))": 0.9916887414055545,
    "(('prospect_horizontal_0_ac2_av_target', 'MidInit'), ('prospect_horizontal_0_ac2_av_source', 'MiddleInitial'))": 0.9879202269011186,
    "(('prospect_horizontal_0_ac2_av_source', 'LastName'), ('prospect_horizontal_0_ac2_av_target', 'Ci'))": 0.9809124799427148,
    "(('prospect_horizontal_0_ac2_av_source', 'FirstName'), ('prospect_horizontal_0_ac2_av_target', 'Ci'))": 0.9756974214232357,
    "(('prospect_horizontal_0_ac2_av_target', 'Ci'), ('prospect_horizontal_0_ac2_av_source', 'State'))": 0.9427813584566453,
    "(('prospect_horizontal_0_ac2_av_target', 'Sta'), ('prospect_horizontal_0_ac2_av_source', 'City'))": 0.9353621675526562,
    "(('prospect_horizontal_0_ac2_av_source', 'FirstName'), ('prospect_horizontal_0_ac2_av_target', 'Sta'))": 0.9346370549480766,
    "(('prospect_horizontal_0_ac2_av_target', 'Sta'), ('prospect_horizontal_0_ac2_av_source', 'LastName'))": 0.9005976538242902
  },
  "metrics": {
    "precision": 1.0,
    "recall": 0.5,
    "f1_score": 0.6666666666666666,
    "precision_at_10_percent": 1.0,
    "precision_at_20_percent": 0.8,
    "precision_at_30_percent": 0.8571428571428571,
    "precision_at_40_percent": 0.8,
    "precision_at_50_percent": 0.8333333333333334,
    "precision_at_60_percent": 0.8571428571428571,
    "precision_at_70_percent": 0.8823529411764706,
    "precision_at_80_percent": 0.7894736842105263,
    "precision_at_90_percent": 0.7142857142857143,
    "recall_at_sizeof_ground_truth": 0.6818181818181818
  },
  "run_times": {
    "total_time": 131.01219366999976,
    "algorithm_time": 129.80236210399926
  }
}