{
  "name": "prospect_both_50_1_ac5_ev__CorrelationClustering{'threshold1': 0.1, 'threshold2': 0.1, 'quantiles': 256, 'process_num': 4, 'chunk_size': 1, 'clear_cache': True}",
  "matches": {
    "(('prospect_both_50_1_ac5_ev_source', 'AgencyID'), ('prospect_both_50_1_ac5_ev_target', 'prospect_gncd'))": 0.9731178910839503
  },
  "metrics": {
    "precision": 1.0,
    "recall": 1.0,
    "f1_score": 1.0,
    "precision_at_10_percent": 1.0,
    "precision_at_20_percent": 1.0,
    "precision_at_30_percent": 1.0,
    "precision_at_40_percent": 1.0,
    "precision_at_50_percent": 1.0,
    "precision_at_60_percent": 1.0,
    "precision_at_70_percent": 1.0,
    "precision_at_80_percent": 1.0,
    "precision_at_90_percent": 1.0,
    "recall_at_sizeof_ground_truth": 1.0
  },
  "run_times": {
    "total_time": 33.85370173100091,
    "algorithm_time": 33.652832065999974
  }
}