{
  "name": "prospect_horizontal_100_ac5_ev__CorrelationClustering{'threshold1': 0.2, 'threshold2': 0.1, 'quantiles': 256, 'process_num': 4, 'chunk_size': 1, 'clear_cache': True}",
  "matches": {
    "(('prospect_horizontal_100_ac5_ev_target', 'prospect_cntr'), ('prospect_horizontal_100_ac5_ev_source', 'Country'))": 0.9999467527771755,
    "(('prospect_horizontal_100_ac5_ev_source', 'OwnOrRentFlag'), ('prospect_horizontal_100_ac5_ev_target', 'prospect_wnrrntflg'))": 0.9991804235381831,
    "(('prospect_horizontal_100_ac5_ev_target', 'prospect_nmbrcrs'), ('prospect_horizontal_100_ac5_ev_source', 'NumberCars'))": 0.9984069176779664,
    "(('prospect_horizontal_100_ac5_ev_target', 'prospect_gndr'), ('prospect_horizontal_100_ac5_ev_source', 'Gender'))": 0.9983254943594652,
    "(('prospect_horizontal_100_ac5_ev_source', 'Phone'), ('prospect_horizontal_100_ac5_ev_target', 'prospect_phn'))": 0.9983218764292594,
    "(('prospect_horizontal_100_ac5_ev_target', 'prospect_nmbrchldrn'), ('prospect_horizontal_100_ac5_ev_source', 'NumberChildren'))": 0.9982534314430968,
    "(('prospect_horizontal_100_ac5_ev_target', 'prospect_ct'), ('prospect_horizontal_100_ac5_ev_source', 'City'))": 0.9979941095898783,
    "(('prospect_horizontal_100_ac5_ev_source', 'NumberCreditCards'), ('prospect_horizontal_100_ac5_ev_target', 'prospect_nmbrcrdtcrds'))": 0.9978085023290285,
    "(('prospect_horizontal_100_ac5_ev_target', 'prospect_nmbrchldrn'), ('prospect_horizontal_100_ac5_ev_source', 'NumberCars'))": 0.9977007993773156,
    "(('prospect_horizontal_100_ac5_ev_source', 'CreditRating'), ('prospect_horizontal_100_ac5_ev_target', 'prospect_crdtrtng'))": 0.9974203168449104,
    "(('prospect_horizontal_100_ac5_ev_target', 'prospect_stt'), ('prospect_horizontal_100_ac5_ev_source', 'State'))": 0.9971990899725016,
    "(('prospect_horizontal_100_ac5_ev_source', 'NumberChildren'), ('prospect_horizontal_100_ac5_ev_target', 'prospect_nmbrcrs'))": 0.9971592206958518,
    "(('prospect_horizontal_100_ac5_ev_target', 'prospect_mrtlstts'), ('prospect_horizontal_100_ac5_ev_source', 'MaritalStatus'))": 0.9965485176348525,
    "(('prospect_horizontal_100_ac5_ev_source', 'NetWorth'), ('prospect_horizontal_100_ac5_ev_target', 'prospect_ntwrth'))": 0.996428243306234,
    "(('prospect_horizontal_100_ac5_ev_target', 'prospect_g'), ('prospect_horizontal_100_ac5_ev_source', 'Age'))": 0.9963823687655776,
    "(('prospect_horizontal_100_ac5_ev_target', 'prospect_mplr'), ('prospect_horizontal_100_ac5_ev_source', 'Employer'))": 0.996255516368129,
    "(('prospect_horizontal_100_ac5_ev_source', 'Income'), ('prospect_horizontal_100_ac5_ev_target', 'prospect_ncm'))": 0.9958227424933757,
    "(('prospect_horizontal_100_ac5_ev_source', 'MiddleInitial'), ('prospect_horizontal_100_ac5_ev_target', 'prospect_mddlntl'))": 0.9942634192622521,
    "(('prospect_horizontal_100_ac5_ev_source', 'AddressLine2'), ('prospect_horizontal_100_ac5_ev_target', 'prospect_ddrssln2'))": 0.9856759541878637,
    "(('prospect_horizontal_100_ac5_ev_source', 'AgencyID'), ('prospect_horizontal_100_ac5_ev_target', 'prospect_gncd'))": 0.9722574747477819,
    "(('prospect_horizontal_100_ac5_ev_source', 'LastName'), ('prospect_horizontal_100_ac5_ev_target', 'prospect_lstnm'))": 0.9722534136517427,
    "(('prospect_horizontal_100_ac5_ev_source', 'FirstName'), ('prospect_horizontal_100_ac5_ev_target', 'prospect_frstnm'))": 0.9647171959468241,
    "(('prospect_horizontal_100_ac5_ev_source', 'PostalCode'), ('prospect_horizontal_100_ac5_ev_target', 'prospect_pstlcd'))": 0.8969533640563717,
    "(('prospect_horizontal_100_ac5_ev_source', 'AddressLine1'), ('prospect_horizontal_100_ac5_ev_target', 'prospect_ddrssln1'))": 0.860056296840607
  },
  "metrics": {
    "precision": 1.0,
    "recall": 0.8636363636363636,
    "f1_score": 0.9268292682926829,
    "precision_at_10_percent": 1.0,
    "precision_at_20_percent": 1.0,
    "precision_at_30_percent": 1.0,
    "precision_at_40_percent": 0.9,
    "precision_at_50_percent": 0.8333333333333334,
    "precision_at_60_percent": 0.8666666666666667,
    "precision_at_70_percent": 0.8823529411764706,
    "precision_at_80_percent": 0.9,
    "precision_at_90_percent": 0.9090909090909091,
    "recall_at_sizeof_ground_truth": 0.9090909090909091
  },
  "run_times": {
    "total_time": 159.41672626800028,
    "algorithm_time": 158.18821964000017
  }
}