{
  "name": "prospect_vertical_70_ac5_av__CorrelationClustering{'threshold1': 0.3, 'threshold2': 0.3, 'quantiles': 256, 'process_num': 4, 'chunk_size': 1, 'clear_cache': True}",
  "matches": {
    "(('prospect_vertical_70_ac5_av_source', 'MiddleInitial'), ('prospect_vertical_70_ac5_av_target', 'prospect_mddlntl'))": 1.0,
    "(('prospect_vertical_70_ac5_av_source', 'MaritalStatus'), ('prospect_vertical_70_ac5_av_target', 'prospect_mrtlstts'))": 1.0,
    "(('prospect_vertical_70_ac5_av_target', 'prospect_gndr'), ('prospect_vertical_70_ac5_av_source', 'Gender'))": 0.9998151864523416,
    "(('prospect_vertical_70_ac5_av_source', 'State'), ('prospect_vertical_70_ac5_av_target', 'prospect_stt'))": 0.9954019493711003,
    "(('prospect_vertical_70_ac5_av_source', 'AgencyID'), ('prospect_vertical_70_ac5_av_target', 'prospect_gncd'))": 0.9912607007437289,
    "(('prospect_vertical_70_ac5_av_source', 'LastName'), ('prospect_vertical_70_ac5_av_target', 'prospect_lstnm'))": 0.9911276980018526,
    "(('prospect_vertical_70_ac5_av_target', 'prospect_lstnm'), ('prospect_vertical_70_ac5_av_source', 'FirstName'))": 0.9899505152591309,
    "(('prospect_vertical_70_ac5_av_source', 'Employer'), ('prospect_vertical_70_ac5_av_target', 'prospect_mplr'))": 0.9802152902183364,
    "(('prospect_vertical_70_ac5_av_target', 'prospect_mplr'), ('prospect_vertical_70_ac5_av_source', 'City'))": 0.9624689291072158,
    "(('prospect_vertical_70_ac5_av_target', 'prospect_lstnm'), ('prospect_vertical_70_ac5_av_source', 'City'))": 0.9596186870478998,
    "(('prospect_vertical_70_ac5_av_target', 'prospect_lstnm'), ('prospect_vertical_70_ac5_av_source', 'State'))": 0.9406323481369395,
    "(('prospect_vertical_70_ac5_av_target', 'prospect_mplr'), ('prospect_vertical_70_ac5_av_source', 'FirstName'))": 0.9384188374432908,
    "(('prospect_vertical_70_ac5_av_source', 'LastName'), ('prospect_vertical_70_ac5_av_target', 'prospect_stt'))": 0.9366600163914669,
    "(('prospect_vertical_70_ac5_av_target', 'prospect_stt'), ('prospect_vertical_70_ac5_av_source', 'City'))": 0.9356639044761771,
    "(('prospect_vertical_70_ac5_av_target', 'prospect_lstnm'), ('prospect_vertical_70_ac5_av_source', 'Employer'))": 0.9334988667100936,
    "(('prospect_vertical_70_ac5_av_source', 'Employer'), ('prospect_vertical_70_ac5_av_target', 'prospect_stt'))": 0.9320813549780094,
    "(('prospect_vertical_70_ac5_av_source', 'NumberChildren'), ('prospect_vertical_70_ac5_av_target', 'prospect_nmbrchldrn'))": 0.9302765245094387,
    "(('prospect_vertical_70_ac5_av_source', 'State'), ('prospect_vertical_70_ac5_av_target', 'prospect_mplr'))": 0.9263883473339624,
    "(('prospect_vertical_70_ac5_av_source', 'LastName'), ('prospect_vertical_70_ac5_av_target', 'prospect_mplr'))": 0.9249072010277231,
    "(('prospect_vertical_70_ac5_av_target', 'prospect_nmbrcrs'), ('prospect_vertical_70_ac5_av_source', 'NumberChildren'))": 0.914321175532846,
    "(('prospect_vertical_70_ac5_av_target', 'prospect_ncm'), ('prospect_vertical_70_ac5_av_source', 'Income'))": 0.9010163002151409,
    "(('prospect_vertical_70_ac5_av_source', 'NumberCars'), ('prospect_vertical_70_ac5_av_target', 'prospect_nmbrcrdtcrds'))": 0.8918680771134617,
    "(('prospect_vertical_70_ac5_av_source', 'MiddleInitial'), ('prospect_vertical_70_ac5_av_target', 'prospect_mrtlstts'))": 0.8831117572558426,
    "(('prospect_vertical_70_ac5_av_target', 'prospect_stt'), ('prospect_vertical_70_ac5_av_source', 'FirstName'))": 0.8793462810634787,
    "(('prospect_vertical_70_ac5_av_source', 'NetWorth'), ('prospect_vertical_70_ac5_av_target', 'prospect_ntwrth'))": 0.8633255777942358,
    "(('prospect_vertical_70_ac5_av_source', 'NumberCars'), ('prospect_vertical_70_ac5_av_target', 'prospect_nmbrcrs'))": 0.8608748606419043,
    "(('prospect_vertical_70_ac5_av_source', 'NumberCars'), ('prospect_vertical_70_ac5_av_target', 'prospect_nmbrchldrn'))": 0.8580139571915404,
    "(('prospect_vertical_70_ac5_av_target', 'prospect_mddlntl'), ('prospect_vertical_70_ac5_av_source', 'Gender'))": 0.8429234050182995,
    "(('prospect_vertical_70_ac5_av_source', 'MiddleInitial'), ('prospect_vertical_70_ac5_av_target', 'prospect_gndr'))": 0.8428132711607467,
    "(('prospect_vertical_70_ac5_av_source', 'MiddleInitial'), ('prospect_vertical_70_ac5_av_target', 'prospect_wnrrntflg'))": 0.8220859057558055,
    "(('prospect_vertical_70_ac5_av_target', 'prospect_nmbrcrdtcrds'), ('prospect_vertical_70_ac5_av_source', 'NumberChildren'))": 0.7982139553364741,
    "(('prospect_vertical_70_ac5_av_source', 'MaritalStatus'), ('prospect_vertical_70_ac5_av_target', 'prospect_mddlntl'))": 0.7762748398730287,
    "(('prospect_vertical_70_ac5_av_target', 'prospect_mrtlstts'), ('prospect_vertical_70_ac5_av_source', 'Gender'))": 0.7564663047673831,
    "(('prospect_vertical_70_ac5_av_target', 'prospect_gndr'), ('prospect_vertical_70_ac5_av_source', 'MaritalStatus'))": 0.7112219741831346,
    "(('prospect_vertical_70_ac5_av_target', 'prospect_wnrrntflg'), ('prospect_vertical_70_ac5_av_source', 'MaritalStatus'))": 0.5991786228587888,
    "(('prospect_vertical_70_ac5_av_target', 'prospect_wnrrntflg'), ('prospect_vertical_70_ac5_av_source', 'Gender'))": 0.5021843551046309
  },
  "metrics": {
    "precision": 0.9090909090909091,
    "recall": 0.6666666666666666,
    "f1_score": 0.7692307692307692,
    "precision_at_10_percent": 1.0,
    "precision_at_20_percent": 0.875,
    "precision_at_30_percent": 0.6363636363636364,
    "precision_at_40_percent": 0.4666666666666667,
    "precision_at_50_percent": 0.4444444444444444,
    "precision_at_60_percent": 0.4090909090909091,
    "precision_at_70_percent": 0.4230769230769231,
    "precision_at_80_percent": 0.3793103448275862,
    "precision_at_90_percent": 0.3333333333333333,
    "recall_at_sizeof_ground_truth": 0.4666666666666667
  },
  "run_times": {
    "total_time": 122.12945997099814,
    "algorithm_time": 120.31828892799967
  }
}