{
  "name": "prospect_both_0_30_ec_ev__CorrelationClustering{'threshold1': 0.4, 'threshold2': 0.4, 'quantiles': 256, 'process_num': 4, 'chunk_size': 1, 'clear_cache': True}",
  "matches": {
    "(('prospect_both_0_30_ec_ev_target', 'CreditRating'), ('prospect_both_0_30_ec_ev_source', 'CreditRating'))": 0.9948906888294117,
    "(('prospect_both_0_30_ec_ev_target', 'Employer'), ('prospect_both_0_30_ec_ev_source', 'Employer'))": 0.9925565107023416,
    "(('prospect_both_0_30_ec_ev_source', 'FirstName'), ('prospect_both_0_30_ec_ev_target', 'Employer'))": 0.9627029107878388,
    "(('prospect_both_0_30_ec_ev_source', 'City'), ('prospect_both_0_30_ec_ev_target', 'Employer'))": 0.953118832780242,
    "(('prospect_both_0_30_ec_ev_target', 'Employer'), ('prospect_both_0_30_ec_ev_source', 'LastName'))": 0.9515156508823222,
    "(('prospect_both_0_30_ec_ev_source', 'State'), ('prospect_both_0_30_ec_ev_target', 'Employer'))": 0.9033510973765251,
    "(('prospect_both_0_30_ec_ev_source', 'MiddleInitial'), ('prospect_both_0_30_ec_ev_target', 'MaritalStatus'))": 0.8824280076082336,
    "(('prospect_both_0_30_ec_ev_source', 'Gender'), ('prospect_both_0_30_ec_ev_target', 'MaritalStatus'))": 0.711558302836756,
    "(('prospect_both_0_30_ec_ev_source', 'Gender'), ('prospect_both_0_30_ec_ev_target', 'OwnOrRentFlag'))": 0.6445998381837176,
    "(('prospect_both_0_30_ec_ev_target', 'OwnOrRentFlag'), ('prospect_both_0_30_ec_ev_source', 'MiddleInitial'))": 0.5756806691101787
  },
  "metrics": {
    "precision": 1.0,
    "recall": 0.3333333333333333,
    "f1_score": 0.5,
    "precision_at_10_percent": 1.0,
    "precision_at_20_percent": 1.0,
    "precision_at_30_percent": 0.6666666666666666,
    "precision_at_40_percent": 0.5,
    "precision_at_50_percent": 0.4,
    "precision_at_60_percent": 0.3333333333333333,
    "precision_at_70_percent": 0.2857142857142857,
    "precision_at_80_percent": 0.25,
    "precision_at_90_percent": 0.2222222222222222,
    "recall_at_sizeof_ground_truth": 0.3333333333333333
  },
  "run_times": {
    "total_time": 49.103994014998534,
    "algorithm_time": 48.85848689999875
  }
}