{
  "name": "prospect_both_50_1_ac5_ev__CorrelationClustering{'threshold1': 0.4, 'threshold2': 0.3, 'quantiles': 256, 'process_num': 4, 'chunk_size': 1, 'clear_cache': True}",
  "matches": {
    "(('prospect_both_50_1_ac5_ev_target', 'prospect_gncd'), ('prospect_both_50_1_ac5_ev_source', 'AgencyID'))": 0.9735562969587737,
    "(('prospect_both_50_1_ac5_ev_source', 'City'), ('prospect_both_50_1_ac5_ev_target', 'prospect_mplr'))": 0.9552599643402879,
    "(('prospect_both_50_1_ac5_ev_source', 'LastName'), ('prospect_both_50_1_ac5_ev_target', 'prospect_mplr'))": 0.9521464579637495,
    "(('prospect_both_50_1_ac5_ev_target', 'prospect_mrtlstts'), ('prospect_both_50_1_ac5_ev_source', 'MiddleInitial'))": 0.7765850420386672,
    "(('prospect_both_50_1_ac5_ev_source', 'Gender'), ('prospect_both_50_1_ac5_ev_target', 'prospect_mrtlstts'))": 0.7113500812575648,
    "(('prospect_both_50_1_ac5_ev_source', 'Gender'), ('prospect_both_50_1_ac5_ev_target', 'prospect_wnrrntflg'))": 0.6446030701568671,
    "(('prospect_both_50_1_ac5_ev_target', 'prospect_wnrrntflg'), ('prospect_both_50_1_ac5_ev_source', 'MiddleInitial'))": 0.5757761462868134
  },
  "metrics": {
    "precision": 0.3333333333333333,
    "recall": 1.0,
    "f1_score": 0.5,
    "precision_at_10_percent": 1.0,
    "precision_at_20_percent": 0.5,
    "precision_at_30_percent": 0.3333333333333333,
    "precision_at_40_percent": 0.3333333333333333,
    "precision_at_50_percent": 0.25,
    "precision_at_60_percent": 0.2,
    "precision_at_70_percent": 0.2,
    "precision_at_80_percent": 0.16666666666666666,
    "precision_at_90_percent": 0.14285714285714285,
    "recall_at_sizeof_ground_truth": 1.0
  },
  "run_times": {
    "total_time": 49.042850818999796,
    "algorithm_time": 48.68739026900039
  }
}