{
  "name": "prospect_vertical_1_ac3_av__CorrelationClustering{'threshold1': 0.5, 'threshold2': 0.3, 'quantiles': 256, 'process_num': 4, 'chunk_size': 1, 'clear_cache': True}",
  "matches": {
    "(('prospect_vertical_1_ac3_av_source', 'AgencyID'), ('prospect_vertical_1_ac3_av_target', 'gncd'))": 0.9913040928097938,
    "(('prospect_vertical_1_ac3_av_source', 'City'), ('prospect_vertical_1_ac3_av_target', 'mplr'))": 0.9563748157950982,
    "(('prospect_vertical_1_ac3_av_source', 'LastName'), ('prospect_vertical_1_ac3_av_target', 'mplr'))": 0.9295413620222012,
    "(('prospect_vertical_1_ac3_av_source', 'MiddleInitial'), ('prospect_vertical_1_ac3_av_target', 'mrtlstts'))": 0.8831117572558426,
    "(('prospect_vertical_1_ac3_av_source', 'MiddleInitial'), ('prospect_vertical_1_ac3_av_target', 'wnrrntflg'))": 0.8220859057558055,
    "(('prospect_vertical_1_ac3_av_target', 'mrtlstts'), ('prospect_vertical_1_ac3_av_source', 'Gender'))": 0.7564186071428914,
    "(('prospect_vertical_1_ac3_av_target', 'wnrrntflg'), ('prospect_vertical_1_ac3_av_source', 'Gender'))": 0.5021838543495662
  },
  "metrics": {
    "precision": 0.3333333333333333,
    "recall": 1.0,
    "f1_score": 0.5,
    "precision_at_10_percent": 1.0,
    "precision_at_20_percent": 0.5,
    "precision_at_30_percent": 0.3333333333333333,
    "precision_at_40_percent": 0.3333333333333333,
    "precision_at_50_percent": 0.25,
    "precision_at_60_percent": 0.2,
    "precision_at_70_percent": 0.2,
    "precision_at_80_percent": 0.16666666666666666,
    "precision_at_90_percent": 0.14285714285714285,
    "recall_at_sizeof_ground_truth": 1.0
  },
  "run_times": {
    "total_time": 67.82787537699915,
    "algorithm_time": 66.67580285100121
  }
}