{
  "name": "prospect_vertical_30_ac5_ev__CorrelationClustering{'threshold1': 0.2, 'threshold2': 0.1, 'quantiles': 256, 'process_num': 4, 'chunk_size': 1, 'clear_cache': True}",
  "matches": {
    "(('prospect_vertical_30_ac5_ev_source', 'AgencyID'), ('prospect_vertical_30_ac5_ev_target', 'prospect_gncd'))": 1.0,
    "(('prospect_vertical_30_ac5_ev_source', 'CreditRating'), ('prospect_vertical_30_ac5_ev_target', 'prospect_crdtrtng'))": 1.0,
    "(('prospect_vertical_30_ac5_ev_target', 'prospect_nmbrcrs'), ('prospect_vertical_30_ac5_ev_source', 'NumberCars'))": 1.0,
    "(('prospect_vertical_30_ac5_ev_target', 'prospect_ncm'), ('prospect_vertical_30_ac5_ev_source', 'Income'))": 1.0,
    "(('prospect_vertical_30_ac5_ev_source', 'City'), ('prospect_vertical_30_ac5_ev_target', 'prospect_ct'))": 1.0,
    "(('prospect_vertical_30_ac5_ev_target', 'prospect_ddrssln2'), ('prospect_vertical_30_ac5_ev_source', 'AddressLine2'))": 1.0,
    "(('prospect_vertical_30_ac5_ev_source', 'NumberCars'), ('prospect_vertical_30_ac5_ev_target', 'prospect_nmbrchldrn'))": 0.9959956011031521,
    "(('prospect_vertical_30_ac5_ev_source', 'MiddleInitial'), ('prospect_vertical_30_ac5_ev_target', 'prospect_mrtlstts'))": 0.8831117572558426
  },
  "metrics": {
    "precision": 0.8571428571428571,
    "recall": 1.0,
    "f1_score": 0.923076923076923,
    "precision_at_10_percent": 1.0,
    "precision_at_20_percent": 1.0,
    "precision_at_30_percent": 1.0,
    "precision_at_40_percent": 1.0,
    "precision_at_50_percent": 1.0,
    "precision_at_60_percent": 1.0,
    "precision_at_70_percent": 1.0,
    "precision_at_80_percent": 0.8571428571428571,
    "precision_at_90_percent": 0.75,
    "recall_at_sizeof_ground_truth": 1.0
  },
  "run_times": {
    "total_time": 60.55232916299974,
    "algorithm_time": 59.989132808999784
  }
}