{
  "name": "prospect_vertical_50_ac1_ev__CorrelationClustering{'threshold1': 0.1, 'threshold2': 0.1, 'quantiles': 256, 'process_num': 4, 'chunk_size': 1, 'clear_cache': True}",
  "matches": {
    "(('prospect_vertical_50_ac1_ev_target', 'prospect_AgencyID'), ('prospect_vertical_50_ac1_ev_source', 'AgencyID'))": 1.0,
    "(('prospect_vertical_50_ac1_ev_target', 'prospect_NumberCreditCards'), ('prospect_vertical_50_ac1_ev_source', 'NumberCreditCards'))": 1.0,
    "(('prospect_vertical_50_ac1_ev_target', 'prospect_MiddleInitial'), ('prospect_vertical_50_ac1_ev_source', 'MiddleInitial'))": 1.0,
    "(('prospect_vertical_50_ac1_ev_source', 'Phone'), ('prospect_vertical_50_ac1_ev_target', 'prospect_Phone'))": 1.0,
    "(('prospect_vertical_50_ac1_ev_source', 'OwnOrRentFlag'), ('prospect_vertical_50_ac1_ev_target', 'prospect_OwnOrRentFlag'))": 1.0,
    "(('prospect_vertical_50_ac1_ev_source', 'NumberCars'), ('prospect_vertical_50_ac1_ev_target', 'prospect_NumberCars'))": 1.0,
    "(('prospect_vertical_50_ac1_ev_target', 'prospect_AddressLine2'), ('prospect_vertical_50_ac1_ev_source', 'AddressLine2'))": 1.0,
    "(('prospect_vertical_50_ac1_ev_target', 'prospect_LastName'), ('prospect_vertical_50_ac1_ev_source', 'LastName'))": 1.0,
    "(('prospect_vertical_50_ac1_ev_target', 'prospect_City'), ('prospect_vertical_50_ac1_ev_source', 'City'))": 1.0,
    "(('prospect_vertical_50_ac1_ev_target', 'prospect_NetWorth'), ('prospect_vertical_50_ac1_ev_source', 'NetWorth'))": 1.0,
    "(('prospect_vertical_50_ac1_ev_target', 'prospect_State'), ('prospect_vertical_50_ac1_ev_source', 'State'))": 1.0,
    "(('prospect_vertical_50_ac1_ev_source', 'NumberCars'), ('prospect_vertical_50_ac1_ev_target', 'prospect_NumberChildren'))": 0.9959956011031521,
    "(('prospect_vertical_50_ac1_ev_source', 'FirstName'), ('prospect_vertical_50_ac1_ev_target', 'prospect_LastName'))": 0.9898974737291311
  },
  "metrics": {
    "precision": 1.0,
    "recall": 1.0,
    "f1_score": 1.0,
    "precision_at_10_percent": 1.0,
    "precision_at_20_percent": 1.0,
    "precision_at_30_percent": 1.0,
    "precision_at_40_percent": 1.0,
    "precision_at_50_percent": 1.0,
    "precision_at_60_percent": 1.0,
    "precision_at_70_percent": 1.0,
    "precision_at_80_percent": 1.0,
    "precision_at_90_percent": 0.9166666666666666,
    "recall_at_sizeof_ground_truth": 1.0
  },
  "run_times": {
    "total_time": 82.48401546400055,
    "algorithm_time": 81.76790837299995
  }
}