{
  "name": "prospect_both_50_50_ac4_av__CorrelationClustering{'threshold1': 0.15, 'threshold2': 0.15, 'quantiles': 256, 'process_num': 4, 'chunk_size': 1, 'clear_cache': True}",
  "matches": {
    "(('prospect_both_50_50_ac4_av_source', 'MaritalStatus'), ('prospect_both_50_50_ac4_av_target', 'prospect_MaSta'))": 0.9973130554176024,
    "(('prospect_both_50_50_ac4_av_source', 'AgencyID'), ('prospect_both_50_50_ac4_av_target', 'prospect_AgeID'))": 0.9838369616243813,
    "(('prospect_both_50_50_ac4_av_target', 'prospect_LaNa'), ('prospect_both_50_50_ac4_av_source', 'LastName'))": 0.9663052052606695,
    "(('prospect_both_50_50_ac4_av_target', 'prospect_C'), ('prospect_both_50_50_ac4_av_source', 'City'))": 0.9657862632796477,
    "(('prospect_both_50_50_ac4_av_target', 'prospect_LaNa'), ('prospect_both_50_50_ac4_av_source', 'City'))": 0.9613061600089641,
    "(('prospect_both_50_50_ac4_av_source', 'FirstName'), ('prospect_both_50_50_ac4_av_target', 'prospect_LaNa'))": 0.9560014328542144,
    "(('prospect_both_50_50_ac4_av_target', 'prospect_C'), ('prospect_both_50_50_ac4_av_source', 'FirstName'))": 0.9547954926452906,
    "(('prospect_both_50_50_ac4_av_target', 'prospect_C'), ('prospect_both_50_50_ac4_av_source', 'LastName'))": 0.9429282255865868
  },
  "metrics": {
    "precision": 1.0,
    "recall": 0.36363636363636365,
    "f1_score": 0.5333333333333333,
    "precision_at_10_percent": 1.0,
    "precision_at_20_percent": 1.0,
    "precision_at_30_percent": 1.0,
    "precision_at_40_percent": 1.0,
    "precision_at_50_percent": 1.0,
    "precision_at_60_percent": 0.8,
    "precision_at_70_percent": 0.6666666666666666,
    "precision_at_80_percent": 0.5714285714285714,
    "precision_at_90_percent": 0.5,
    "recall_at_sizeof_ground_truth": 0.36363636363636365
  },
  "run_times": {
    "total_time": 99.29981098000007,
    "algorithm_time": 97.82274622800014
  }
}