{
  "name": "prospect_horizontal_0_ac2_ev__CorrelationClustering{'threshold1': 0.2, 'threshold2': 0.2, 'quantiles': 256, 'process_num': 4, 'chunk_size': 1, 'clear_cache': True}",
  "matches": {
    "(('prospect_horizontal_0_ac2_ev_target', 'Cou'), ('prospect_horizontal_0_ac2_ev_source', 'Country'))": 0.9998953858308358,
    "(('prospect_horizontal_0_ac2_ev_source', 'OwnOrRentFlag'), ('prospect_horizontal_0_ac2_ev_target', 'OOReF'))": 0.9983663008970283,
    "(('prospect_horizontal_0_ac2_ev_source', 'NumberCars'), ('prospect_horizontal_0_ac2_ev_target', 'NuC'))": 0.9969762979874353,
    "(('prospect_horizontal_0_ac2_ev_target', 'Gen'), ('prospect_horizontal_0_ac2_ev_source', 'Gender'))": 0.9966427818341754,
    "(('prospect_horizontal_0_ac2_ev_source', 'NumberCars'), ('prospect_horizontal_0_ac2_ev_target', 'NuCh'))": 0.9964667794314603,
    "(('prospect_horizontal_0_ac2_ev_source', 'NumberChildren'), ('prospect_horizontal_0_ac2_ev_target', 'NuCh'))": 0.9960888555550949,
    "(('prospect_horizontal_0_ac2_ev_source', 'City'), ('prospect_horizontal_0_ac2_ev_target', 'Ci'))": 0.9959706997209571,
    "(('prospect_horizontal_0_ac2_ev_target', 'NumCreCa'), ('prospect_horizontal_0_ac2_ev_source', 'NumberCreditCards'))": 0.9956342094353238,
    "(('prospect_horizontal_0_ac2_ev_source', 'NumberChildren'), ('prospect_horizontal_0_ac2_ev_target', 'NuC'))": 0.9952142647586303,
    "(('prospect_horizontal_0_ac2_ev_source', 'CreditRating'), ('prospect_horizontal_0_ac2_ev_target', 'CrRat'))": 0.9949193645779973,
    "(('prospect_horizontal_0_ac2_ev_source', 'State'), ('prospect_horizontal_0_ac2_ev_target', 'Sta'))": 0.9945734752065646,
    "(('prospect_horizontal_0_ac2_ev_target', 'MarSt'), ('prospect_horizontal_0_ac2_ev_source', 'MaritalStatus'))": 0.9930902664159933,
    "(('prospect_horizontal_0_ac2_ev_target', 'NeWor'), ('prospect_horizontal_0_ac2_ev_source', 'NetWorth'))": 0.9927899275991275,
    "(('prospect_horizontal_0_ac2_ev_source', 'Age'), ('prospect_horizontal_0_ac2_ev_target', 'Ag'))": 0.9927300638105909,
    "(('prospect_horizontal_0_ac2_ev_source', 'Employer'), ('prospect_horizontal_0_ac2_ev_target', 'Em'))": 0.9925607438193774,
    "(('prospect_horizontal_0_ac2_ev_source', 'Income'), ('prospect_horizontal_0_ac2_ev_target', 'In'))": 0.9916887414055545,
    "(('prospect_horizontal_0_ac2_ev_target', 'MiIn'), ('prospect_horizontal_0_ac2_ev_source', 'MiddleInitial'))": 0.9879202269011186,
    "(('prospect_horizontal_0_ac2_ev_source', 'LastName'), ('prospect_horizontal_0_ac2_ev_target', 'Ci'))": 0.9809124799427148,
    "(('prospect_horizontal_0_ac2_ev_target', 'Ci'), ('prospect_horizontal_0_ac2_ev_source', 'FirstName'))": 0.9545445229322025,
    "(('prospect_horizontal_0_ac2_ev_source', 'City'), ('prospect_horizontal_0_ac2_ev_target', 'Sta'))": 0.9430288469121848,
    "(('prospect_horizontal_0_ac2_ev_source', 'LastName'), ('prospect_horizontal_0_ac2_ev_target', 'Sta'))": 0.9418519184864906,
    "(('prospect_horizontal_0_ac2_ev_source', 'State'), ('prospect_horizontal_0_ac2_ev_target', 'Ci'))": 0.9351228769382817,
    "(('prospect_horizontal_0_ac2_ev_target', 'Sta'), ('prospect_horizontal_0_ac2_ev_source', 'FirstName'))": 0.8868068367376495,
    "(('prospect_horizontal_0_ac2_ev_target', 'MarSt'), ('prospect_horizontal_0_ac2_ev_source', 'MiddleInitial'))": 0.7761150742648887,
    "(('prospect_horizontal_0_ac2_ev_source', 'MaritalStatus'), ('prospect_horizontal_0_ac2_ev_target', 'MiIn'))": 0.7353255617808151
  },
  "metrics": {
    "precision": 1.0,
    "recall": 0.6818181818181818,
    "f1_score": 0.8108108108108109,
    "precision_at_10_percent": 1.0,
    "precision_at_20_percent": 0.8,
    "precision_at_30_percent": 0.875,
    "precision_at_40_percent": 0.8,
    "precision_at_50_percent": 0.8461538461538461,
    "precision_at_60_percent": 0.8666666666666667,
    "precision_at_70_percent": 0.8333333333333334,
    "precision_at_80_percent": 0.75,
    "precision_at_90_percent": 0.6521739130434783,
    "recall_at_sizeof_ground_truth": 0.6818181818181818
  },
  "run_times": {
    "total_time": 129.2480160439991,
    "algorithm_time": 129.001197263
  }
}