{
  "name": "prospect_both_50_1_ac5_av__CorrelationClustering{'threshold1': 0.4, 'threshold2': 0.5, 'quantiles': 256, 'process_num': 4, 'chunk_size': 1, 'clear_cache': True}",
  "matches": {
    "(('prospect_both_50_1_ac5_av_source', 'AgencyID'), ('prospect_both_50_1_ac5_av_target', 'prospect_gncd'))": 0.9840818641124964,
    "(('prospect_both_50_1_ac5_av_source', 'FirstName'), ('prospect_both_50_1_ac5_av_target', 'prospect_mplr'))": 0.9631967805462858,
    "(('prospect_both_50_1_ac5_av_source', 'City'), ('prospect_both_50_1_ac5_av_target', 'prospect_mplr'))": 0.9552599643402879,
    "(('prospect_both_50_1_ac5_av_source', 'LastName'), ('prospect_both_50_1_ac5_av_target', 'prospect_mplr'))": 0.9521464579637495,
    "(('prospect_both_50_1_ac5_av_target', 'prospect_mplr'), ('prospect_both_50_1_ac5_av_source', 'State'))": 0.9239947772887186,
    "(('prospect_both_50_1_ac5_av_target', 'prospect_mrtlstts'), ('prospect_both_50_1_ac5_av_source', 'MiddleInitial'))": 0.7765850420386672,
    "(('prospect_both_50_1_ac5_av_target', 'prospect_mrtlstts'), ('prospect_both_50_1_ac5_av_source', 'Gender'))": 0.7543681390664133,
    "(('prospect_both_50_1_ac5_av_source', 'Gender'), ('prospect_both_50_1_ac5_av_target', 'prospect_wnrrntflg'))": 0.6446030701568671,
    "(('prospect_both_50_1_ac5_av_target', 'prospect_wnrrntflg'), ('prospect_both_50_1_ac5_av_source', 'MiddleInitial'))": 0.5757761462868134
  },
  "metrics": {
    "precision": 0.3333333333333333,
    "recall": 1.0,
    "f1_score": 0.5,
    "precision_at_10_percent": 1.0,
    "precision_at_20_percent": 0.5,
    "precision_at_30_percent": 0.3333333333333333,
    "precision_at_40_percent": 0.25,
    "precision_at_50_percent": 0.2,
    "precision_at_60_percent": 0.16666666666666666,
    "precision_at_70_percent": 0.14285714285714285,
    "precision_at_80_percent": 0.125,
    "precision_at_90_percent": 0.1111111111111111,
    "recall_at_sizeof_ground_truth": 1.0
  },
  "run_times": {
    "total_time": 56.635811038999236,
    "algorithm_time": 56.23946253000031
  }
}