{
  "name": "prospect_vertical_1_ac1_ev__CorrelationClustering{'threshold1': 0.3, 'threshold2': 0.3, 'quantiles': 256, 'process_num': 4, 'chunk_size': 1, 'clear_cache': True}",
  "matches": {
    "(('prospect_vertical_1_ac1_ev_target', 'prospect_AgencyID'), ('prospect_vertical_1_ac1_ev_source', 'AgencyID'))": 1.0,
    "(('prospect_vertical_1_ac1_ev_source', 'City'), ('prospect_vertical_1_ac1_ev_target', 'prospect_Employer'))": 0.9563748157950982,
    "(('prospect_vertical_1_ac1_ev_source', 'LastName'), ('prospect_vertical_1_ac1_ev_target', 'prospect_Employer'))": 0.9295413620222012,
    "(('prospect_vertical_1_ac1_ev_source', 'MiddleInitial'), ('prospect_vertical_1_ac1_ev_target', 'prospect_MaritalStatus'))": 0.8831117572558426,
    "(('prospect_vertical_1_ac1_ev_source', 'Gender'), ('prospect_vertical_1_ac1_ev_target', 'prospect_MaritalStatus'))": 0.7112219741831346,
    "(('prospect_vertical_1_ac1_ev_source', 'Gender'), ('prospect_vertical_1_ac1_ev_target', 'prospect_OwnOrRentFlag'))": 0.6443473044895983,
    "(('prospect_vertical_1_ac1_ev_target', 'prospect_OwnOrRentFlag'), ('prospect_vertical_1_ac1_ev_source', 'MiddleInitial'))": 0.5715684232624882
  },
  "metrics": {
    "precision": 0.3333333333333333,
    "recall": 1.0,
    "f1_score": 0.5,
    "precision_at_10_percent": 1.0,
    "precision_at_20_percent": 0.5,
    "precision_at_30_percent": 0.3333333333333333,
    "precision_at_40_percent": 0.3333333333333333,
    "precision_at_50_percent": 0.25,
    "precision_at_60_percent": 0.2,
    "precision_at_70_percent": 0.2,
    "precision_at_80_percent": 0.16666666666666666,
    "precision_at_90_percent": 0.14285714285714285,
    "recall_at_sizeof_ground_truth": 1.0
  },
  "run_times": {
    "total_time": 55.685185102000105,
    "algorithm_time": 53.21676866099915
  }
}