{
  "name": "prospect_both_50_50_ac2_av__CorrelationClustering{'threshold1': 0.5, 'threshold2': 0.4, 'quantiles': 256, 'process_num': 4, 'chunk_size': 1, 'clear_cache': True}",
  "matches": {
    "(('prospect_both_50_50_ac2_av_source', 'MaritalStatus'), ('prospect_both_50_50_ac2_av_target', 'MarSt'))": 0.9973130554176024,
    "(('prospect_both_50_50_ac2_av_source', 'LastName'), ('prospect_both_50_50_ac2_av_target', 'LaNa'))": 0.9818009735054359,
    "(('prospect_both_50_50_ac2_av_target', 'FirN'), ('prospect_both_50_50_ac2_av_source', 'LastName'))": 0.9737396063054797,
    "(('prospect_both_50_50_ac2_av_target', 'AgID'), ('prospect_both_50_50_ac2_av_source', 'AgencyID'))": 0.9716931281915753,
    "(('prospect_both_50_50_ac2_av_source', 'FirstName'), ('prospect_both_50_50_ac2_av_target', 'LaNa'))": 0.9678893164669344,
    "(('prospect_both_50_50_ac2_av_target', 'C'), ('prospect_both_50_50_ac2_av_source', 'City'))": 0.9663494040864449,
    "(('prospect_both_50_50_ac2_av_target', 'FirN'), ('prospect_both_50_50_ac2_av_source', 'FirstName'))": 0.9637579095704372,
    "(('prospect_both_50_50_ac2_av_source', 'FirstName'), ('prospect_both_50_50_ac2_av_target', 'Em'))": 0.9581933688698013,
    "(('prospect_both_50_50_ac2_av_source', 'LastName'), ('prospect_both_50_50_ac2_av_target', 'Em'))": 0.9461531663760652,
    "(('prospect_both_50_50_ac2_av_source', 'Age'), ('prospect_both_50_50_ac2_av_target', 'A'))": 0.9414920955358907,
    "(('prospect_both_50_50_ac2_av_source', 'FirstName'), ('prospect_both_50_50_ac2_av_target', 'Sta'))": 0.9358618193399963,
    "(('prospect_both_50_50_ac2_av_target', 'NumChi'), ('prospect_both_50_50_ac2_av_source', 'NumberCars'))": 0.9168880271861264,
    "(('prospect_both_50_50_ac2_av_target', 'NumC'), ('prospect_both_50_50_ac2_av_source', 'NumberCars'))": 0.9099273093984387,
    "(('prospect_both_50_50_ac2_av_target', 'Sta'), ('prospect_both_50_50_ac2_av_source', 'LastName'))": 0.8846787060238508,
    "(('prospect_both_50_50_ac2_av_target', 'NumC'), ('prospect_both_50_50_ac2_av_source', 'NumberChildren'))": 0.8830422020551694,
    "(('prospect_both_50_50_ac2_av_source', 'MaritalStatus'), ('prospect_both_50_50_ac2_av_target', 'OwOReF'))": 0.8819833899339333,
    "(('prospect_both_50_50_ac2_av_source', 'NetWorth'), ('prospect_both_50_50_ac2_av_target', 'NWo'))": 0.8768101947621256,
    "(('prospect_both_50_50_ac2_av_source', 'NumberChildren'), ('prospect_both_50_50_ac2_av_target', 'NumChi'))": 0.8486914970892986,
    "(('prospect_both_50_50_ac2_av_target', 'In'), ('prospect_both_50_50_ac2_av_source', 'Income'))": 0.8390666625223964,
    "(('prospect_both_50_50_ac2_av_target', 'MarSt'), ('prospect_both_50_50_ac2_av_source', 'MiddleInitial'))": 0.7765850420386672,
    "(('prospect_both_50_50_ac2_av_target', 'MarSt'), ('prospect_both_50_50_ac2_av_source', 'Gender'))": 0.7543681390664133,
    "(('prospect_both_50_50_ac2_av_source', 'NumberCars'), ('prospect_both_50_50_ac2_av_target', 'NuCrCar'))": 0.7085737854140379,
    "(('prospect_both_50_50_ac2_av_source', 'Age'), ('prospect_both_50_50_ac2_av_target', 'NuCrCar'))": 0.6787275386876725,
    "(('prospect_both_50_50_ac2_av_target', 'A'), ('prospect_both_50_50_ac2_av_source', 'NumberCars'))": 0.6778201379615241,
    "(('prospect_both_50_50_ac2_av_source', 'Age'), ('prospect_both_50_50_ac2_av_target', 'NumChi'))": 0.6730398842639956,
    "(('prospect_both_50_50_ac2_av_source', 'NumberChildren'), ('prospect_both_50_50_ac2_av_target', 'NuCrCar'))": 0.6701883174316328,
    "(('prospect_both_50_50_ac2_av_target', 'OwOReF'), ('prospect_both_50_50_ac2_av_source', 'MiddleInitial'))": 0.5757761462868134,
    "(('prospect_both_50_50_ac2_av_source', 'NumberChildren'), ('prospect_both_50_50_ac2_av_target', 'A'))": 0.5159801456701717,
    "(('prospect_both_50_50_ac2_av_target', 'NumC'), ('prospect_both_50_50_ac2_av_source', 'Age'))": 0.5086066099975836,
    "(('prospect_both_50_50_ac2_av_target', 'OwOReF'), ('prospect_both_50_50_ac2_av_source', 'Gender'))": 0.5023613089702023
  },
  "metrics": {
    "precision": 0.7777777777777778,
    "recall": 0.6363636363636364,
    "f1_score": 0.7000000000000001,
    "precision_at_10_percent": 0.6666666666666666,
    "precision_at_20_percent": 0.6666666666666666,
    "precision_at_30_percent": 0.5555555555555556,
    "precision_at_40_percent": 0.5,
    "precision_at_50_percent": 0.4666666666666667,
    "precision_at_60_percent": 0.5,
    "precision_at_70_percent": 0.47619047619047616,
    "precision_at_80_percent": 0.4166666666666667,
    "precision_at_90_percent": 0.37037037037037035,
    "recall_at_sizeof_ground_truth": 0.5454545454545454
  },
  "run_times": {
    "total_time": 106.42157619499994,
    "algorithm_time": 105.33185518400205
  }
}