{
  "name": "prospect_both_50_50_ec_ev__CorrelationClustering{'threshold1': 0.4, 'threshold2': 0.5, 'quantiles': 256, 'process_num': 4, 'chunk_size': 1, 'clear_cache': True}",
  "matches": {
    "(('prospect_both_50_50_ec_ev_target', 'NumberChildren'), ('prospect_both_50_50_ec_ev_source', 'NumberChildren'))": 0.9983756425393574,
    "(('prospect_both_50_50_ec_ev_target', 'Gender'), ('prospect_both_50_50_ec_ev_source', 'Gender'))": 0.9979592420146852,
    "(('prospect_both_50_50_ec_ev_target', 'City'), ('prospect_both_50_50_ec_ev_source', 'City'))": 0.9971072576750041,
    "(('prospect_both_50_50_ec_ev_target', 'CreditRating'), ('prospect_both_50_50_ec_ev_source', 'CreditRating'))": 0.9960840094025716,
    "(('prospect_both_50_50_ec_ev_target', 'MaritalStatus'), ('prospect_both_50_50_ec_ev_source', 'MaritalStatus'))": 0.9952274489931225,
    "(('prospect_both_50_50_ec_ev_source', 'NumberChildren'), ('prospect_both_50_50_ec_ev_target', 'NumberCars'))": 0.9945747197237335,
    "(('prospect_both_50_50_ec_ev_target', 'Income'), ('prospect_both_50_50_ec_ev_source', 'Income'))": 0.9942173295629928,
    "(('prospect_both_50_50_ec_ev_target', 'NetWorth'), ('prospect_both_50_50_ec_ev_source', 'NetWorth'))": 0.9922757664241204,
    "(('prospect_both_50_50_ec_ev_target', 'AgencyID'), ('prospect_both_50_50_ec_ev_source', 'AgencyID'))": 0.9735554862620851,
    "(('prospect_both_50_50_ec_ev_target', 'AddressLine2'), ('prospect_both_50_50_ec_ev_source', 'AddressLine2'))": 0.9695050276759539,
    "(('prospect_both_50_50_ec_ev_target', 'Employer'), ('prospect_both_50_50_ec_ev_source', 'FirstName'))": 0.9635209925127383,
    "(('prospect_both_50_50_ec_ev_target', 'City'), ('prospect_both_50_50_ec_ev_source', 'LastName'))": 0.9632778666236141,
    "(('prospect_both_50_50_ec_ev_target', 'Employer'), ('prospect_both_50_50_ec_ev_source', 'City'))": 0.9610968111516233,
    "(('prospect_both_50_50_ec_ev_target', 'City'), ('prospect_both_50_50_ec_ev_source', 'FirstName'))": 0.9547950119696121,
    "(('prospect_both_50_50_ec_ev_target', 'Employer'), ('prospect_both_50_50_ec_ev_source', 'LastName'))": 0.9529119004117909,
    "(('prospect_both_50_50_ec_ev_source', 'State'), ('prospect_both_50_50_ec_ev_target', 'City'))": 0.9345480355247171,
    "(('prospect_both_50_50_ec_ev_source', 'State'), ('prospect_both_50_50_ec_ev_target', 'Employer'))": 0.9043063260584114,
    "(('prospect_both_50_50_ec_ev_target', 'PostalCode'), ('prospect_both_50_50_ec_ev_source', 'PostalCode'))": 0.9029080152459815,
    "(('prospect_both_50_50_ec_ev_target', 'AddressLine1'), ('prospect_both_50_50_ec_ev_source', 'AddressLine1'))": 0.8711910317797326,
    "(('prospect_both_50_50_ec_ev_target', 'MaritalStatus'), ('prospect_both_50_50_ec_ev_source', 'MiddleInitial'))": 0.7765850420386672,
    "(('prospect_both_50_50_ec_ev_target', 'Gender'), ('prospect_both_50_50_ec_ev_source', 'MiddleInitial'))": 0.7686007693530271,
    "(('prospect_both_50_50_ec_ev_source', 'Gender'), ('prospect_both_50_50_ec_ev_target', 'MaritalStatus'))": 0.7113500812575648,
    "(('prospect_both_50_50_ec_ev_target', 'Gender'), ('prospect_both_50_50_ec_ev_source', 'MaritalStatus'))": 0.7110036143672737,
    "(('prospect_both_50_50_ec_ev_target', 'OwnOrRentFlag'), ('prospect_both_50_50_ec_ev_source', 'MaritalStatus'))": 0.5987177835465174,
    "(('prospect_both_50_50_ec_ev_target', 'OwnOrRentFlag'), ('prospect_both_50_50_ec_ev_source', 'MiddleInitial'))": 0.5757761462868134,
    "(('prospect_both_50_50_ec_ev_target', 'OwnOrRentFlag'), ('prospect_both_50_50_ec_ev_source', 'Gender'))": 0.5023613089702023
  },
  "metrics": {
    "precision": 0.9166666666666666,
    "recall": 1.0,
    "f1_score": 0.9565217391304348,
    "precision_at_10_percent": 1.0,
    "precision_at_20_percent": 0.8333333333333334,
    "precision_at_30_percent": 0.875,
    "precision_at_40_percent": 0.8181818181818182,
    "precision_at_50_percent": 0.6923076923076923,
    "precision_at_60_percent": 0.5625,
    "precision_at_70_percent": 0.5789473684210527,
    "precision_at_80_percent": 0.5238095238095238,
    "precision_at_90_percent": 0.4583333333333333,
    "recall_at_sizeof_ground_truth": 0.8181818181818182
  },
  "run_times": {
    "total_time": 86.95816699399984,
    "algorithm_time": 85.98765543099944
  }
}