{
  "name": "prospect_both_50_30_ac1_av__CorrelationClustering{'threshold1': 0.3, 'threshold2': 0.4, 'quantiles': 256, 'process_num': 4, 'chunk_size': 1, 'clear_cache': True}",
  "matches": {
    "(('prospect_both_50_30_ac1_av_source', 'OwnOrRentFlag'), ('prospect_both_50_30_ac1_av_target', 'prospect_OwnOrRentFlag'))": 0.9988285632060875,
    "(('prospect_both_50_30_ac1_av_source', 'LastName'), ('prospect_both_50_30_ac1_av_target', 'prospect_LastName'))": 0.9842325305089882,
    "(('prospect_both_50_30_ac1_av_source', 'AgencyID'), ('prospect_both_50_30_ac1_av_target', 'prospect_AgencyID'))": 0.9830695430513389,
    "(('prospect_both_50_30_ac1_av_source', 'FirstName'), ('prospect_both_50_30_ac1_av_target', 'prospect_FirstName'))": 0.9771235175052295,
    "(('prospect_both_50_30_ac1_av_target', 'prospect_FirstName'), ('prospect_both_50_30_ac1_av_source', 'LastName'))": 0.9743451676206246,
    "(('prospect_both_50_30_ac1_av_target', 'prospect_City'), ('prospect_both_50_30_ac1_av_source', 'City'))": 0.9681936108530268,
    "(('prospect_both_50_30_ac1_av_source', 'FirstName'), ('prospect_both_50_30_ac1_av_target', 'prospect_LastName'))": 0.968061462948351,
    "(('prospect_both_50_30_ac1_av_target', 'prospect_FirstName'), ('prospect_both_50_30_ac1_av_source', 'City'))": 0.9621075872197338,
    "(('prospect_both_50_30_ac1_av_target', 'prospect_LastName'), ('prospect_both_50_30_ac1_av_source', 'City'))": 0.9587468801654653,
    "(('prospect_both_50_30_ac1_av_target', 'prospect_Employer'), ('prospect_both_50_30_ac1_av_source', 'City'))": 0.9487513576920802,
    "(('prospect_both_50_30_ac1_av_target', 'prospect_Employer'), ('prospect_both_50_30_ac1_av_source', 'FirstName'))": 0.9487228130877335,
    "(('prospect_both_50_30_ac1_av_target', 'prospect_City'), ('prospect_both_50_30_ac1_av_source', 'LastName'))": 0.9467790667239903,
    "(('prospect_both_50_30_ac1_av_target', 'prospect_City'), ('prospect_both_50_30_ac1_av_source', 'State'))": 0.9413771756509506,
    "(('prospect_both_50_30_ac1_av_target', 'prospect_Employer'), ('prospect_both_50_30_ac1_av_source', 'LastName'))": 0.9410954691998162,
    "(('prospect_both_50_30_ac1_av_target', 'prospect_City'), ('prospect_both_50_30_ac1_av_source', 'FirstName'))": 0.9390799037676798,
    "(('prospect_both_50_30_ac1_av_target', 'prospect_Employer'), ('prospect_both_50_30_ac1_av_source', 'State'))": 0.9239947772887186,
    "(('prospect_both_50_30_ac1_av_source', 'Income'), ('prospect_both_50_30_ac1_av_target', 'prospect_Income'))": 0.9166896673914253,
    "(('prospect_both_50_30_ac1_av_source', 'State'), ('prospect_both_50_30_ac1_av_target', 'prospect_LastName'))": 0.8847046157422707,
    "(('prospect_both_50_30_ac1_av_source', 'MiddleInitial'), ('prospect_both_50_30_ac1_av_target', 'prospect_MaritalStatus'))": 0.8821150626686906,
    "(('prospect_both_50_30_ac1_av_source', 'State'), ('prospect_both_50_30_ac1_av_target', 'prospect_FirstName'))": 0.8798283453983721,
    "(('prospect_both_50_30_ac1_av_source', 'MiddleInitial'), ('prospect_both_50_30_ac1_av_target', 'prospect_OwnOrRentFlag'))": 0.8318747851317079,
    "(('prospect_both_50_30_ac1_av_source', 'Gender'), ('prospect_both_50_30_ac1_av_target', 'prospect_MaritalStatus'))": 0.7113500812575648,
    "(('prospect_both_50_30_ac1_av_source', 'Gender'), ('prospect_both_50_30_ac1_av_target', 'prospect_OwnOrRentFlag'))": 0.6446030701568671,
    "(('prospect_both_50_30_ac1_av_source', 'OwnOrRentFlag'), ('prospect_both_50_30_ac1_av_target', 'prospect_MaritalStatus'))": 0.5995879445169815
  },
  "metrics": {
    "precision": 1.0,
    "recall": 0.8333333333333334,
    "f1_score": 0.9090909090909091,
    "precision_at_10_percent": 1.0,
    "precision_at_20_percent": 0.8,
    "precision_at_30_percent": 0.625,
    "precision_at_40_percent": 0.5,
    "precision_at_50_percent": 0.4166666666666667,
    "precision_at_60_percent": 0.3333333333333333,
    "precision_at_70_percent": 0.35294117647058826,
    "precision_at_80_percent": 0.3,
    "precision_at_90_percent": 0.2727272727272727,
    "recall_at_sizeof_ground_truth": 0.8333333333333334
  },
  "run_times": {
    "total_time": 97.58289579700067,
    "algorithm_time": 96.12777225999889
  }
}