{
  "name": "prospect_both_0_50_ac2_av__CorrelationClustering{'threshold1': 0.4, 'threshold2': 0.4, 'quantiles': 256, 'process_num': 4, 'chunk_size': 1, 'clear_cache': True}",
  "matches": {
    "(('prospect_both_0_50_ac2_av_target', 'OwOReF'), ('prospect_both_0_50_ac2_av_source', 'OwnOrRentFlag'))": 0.9983663008970283,
    "(('prospect_both_0_50_ac2_av_source', 'State'), ('prospect_both_0_50_ac2_av_target', 'Sta'))": 0.9937264004221548,
    "(('prospect_both_0_50_ac2_av_target', 'MarSta'), ('prospect_both_0_50_ac2_av_source', 'MaritalStatus'))": 0.9930902664159933,
    "(('prospect_both_0_50_ac2_av_source', 'MiddleInitial'), ('prospect_both_0_50_ac2_av_target', 'MidIn'))": 0.9880813345793064,
    "(('prospect_both_0_50_ac2_av_target', 'Empl'), ('prospect_both_0_50_ac2_av_source', 'FirstName'))": 0.9633814476768923,
    "(('prospect_both_0_50_ac2_av_target', 'C'), ('prospect_both_0_50_ac2_av_source', 'FirstName'))": 0.9545464232732934,
    "(('prospect_both_0_50_ac2_av_source', 'LastName'), ('prospect_both_0_50_ac2_av_target', 'Sta'))": 0.9405618574167312,
    "(('prospect_both_0_50_ac2_av_source', 'CreditRating'), ('prospect_both_0_50_ac2_av_target', 'CrRat'))": 0.9095738855319013,
    "(('prospect_both_0_50_ac2_av_source', 'NumberCars'), ('prospect_both_0_50_ac2_av_target', 'NumCa'))": 0.896010990397949,
    "(('prospect_both_0_50_ac2_av_source', 'NumberCars'), ('prospect_both_0_50_ac2_av_target', 'NuChil'))": 0.8952611214656839,
    "(('prospect_both_0_50_ac2_av_target', 'Inc'), ('prospect_both_0_50_ac2_av_source', 'Income'))": 0.8146738400858865,
    "(('prospect_both_0_50_ac2_av_source', 'Gender'), ('prospect_both_0_50_ac2_av_target', 'MidIn'))": 0.7783962746713553,
    "(('prospect_both_0_50_ac2_av_target', 'MarSta'), ('prospect_both_0_50_ac2_av_source', 'MiddleInitial'))": 0.7761150742648887,
    "(('prospect_both_0_50_ac2_av_source', 'MaritalStatus'), ('prospect_both_0_50_ac2_av_target', 'MidIn'))": 0.7353255617808151,
    "(('prospect_both_0_50_ac2_av_source', 'NumberCars'), ('prospect_both_0_50_ac2_av_target', 'NuCreCar'))": 0.7330906771950517,
    "(('prospect_both_0_50_ac2_av_source', 'Gender'), ('prospect_both_0_50_ac2_av_target', 'MarSta'))": 0.711558302836756,
    "(('prospect_both_0_50_ac2_av_target', 'A'), ('prospect_both_0_50_ac2_av_source', 'NumberCars'))": 0.6777954667918944,
    "(('prospect_both_0_50_ac2_av_source', 'OwnOrRentFlag'), ('prospect_both_0_50_ac2_av_target', 'MarSta'))": 0.5994002025879389,
    "(('prospect_both_0_50_ac2_av_target', 'OwOReF'), ('prospect_both_0_50_ac2_av_source', 'MaritalStatus'))": 0.598954081103587,
    "(('prospect_both_0_50_ac2_av_target', 'OwOReF'), ('prospect_both_0_50_ac2_av_source', 'MiddleInitial'))": 0.5756806691101787,
    "(('prospect_both_0_50_ac2_av_source', 'OwnOrRentFlag'), ('prospect_both_0_50_ac2_av_target', 'MidIn'))": 0.5681754012302094,
    "(('prospect_both_0_50_ac2_av_target', 'OwOReF'), ('prospect_both_0_50_ac2_av_source', 'Gender'))": 0.5023596382732421
  },
  "metrics": {
    "precision": 0.875,
    "recall": 0.6363636363636364,
    "f1_score": 0.7368421052631579,
    "precision_at_10_percent": 1.0,
    "precision_at_20_percent": 0.8,
    "precision_at_30_percent": 0.5714285714285714,
    "precision_at_40_percent": 0.6666666666666666,
    "precision_at_50_percent": 0.6363636363636364,
    "precision_at_60_percent": 0.5,
    "precision_at_70_percent": 0.4375,
    "precision_at_80_percent": 0.3888888888888889,
    "precision_at_90_percent": 0.35,
    "recall_at_sizeof_ground_truth": 0.6363636363636364
  },
  "run_times": {
    "total_time": 72.01089261499874,
    "algorithm_time": 71.50113820499973
  }
}