{
  "name": "prospect_vertical_50_ac5_av__CorrelationClustering{'threshold1': 0.1, 'threshold2': 0.2, 'quantiles': 256, 'process_num': 4, 'chunk_size': 1, 'clear_cache': True}",
  "matches": {
    "(('prospect_vertical_50_ac5_av_source', 'LastName'), ('prospect_vertical_50_ac5_av_target', 'prospect_lstnm'))": 0.9922446811821583,
    "(('prospect_vertical_50_ac5_av_source', 'FirstName'), ('prospect_vertical_50_ac5_av_target', 'prospect_lstnm'))": 0.9909861461302445,
    "(('prospect_vertical_50_ac5_av_source', 'FirstName'), ('prospect_vertical_50_ac5_av_target', 'prospect_frstnm'))": 0.9882929407502318,
    "(('prospect_vertical_50_ac5_av_target', 'prospect_gncd'), ('prospect_vertical_50_ac5_av_source', 'AgencyID'))": 0.9810670884945207,
    "(('prospect_vertical_50_ac5_av_target', 'prospect_frstnm'), ('prospect_vertical_50_ac5_av_source', 'LastName'))": 0.9753935944388918,
    "(('prospect_vertical_50_ac5_av_target', 'prospect_frstnm'), ('prospect_vertical_50_ac5_av_source', 'City'))": 0.9678661794245057,
    "(('prospect_vertical_50_ac5_av_target', 'prospect_mplr'), ('prospect_vertical_50_ac5_av_source', 'City'))": 0.9624689291072158,
    "(('prospect_vertical_50_ac5_av_source', 'City'), ('prospect_vertical_50_ac5_av_target', 'prospect_lstnm'))": 0.9474004615687179,
    "(('prospect_vertical_50_ac5_av_source', 'NumberCreditCards'), ('prospect_vertical_50_ac5_av_target', 'prospect_nmbrcrs'))": 0.9445110886433401,
    "(('prospect_vertical_50_ac5_av_source', 'NumberCreditCards'), ('prospect_vertical_50_ac5_av_target', 'prospect_nmbrchldrn'))": 0.9443981925927296,
    "(('prospect_vertical_50_ac5_av_source', 'FirstName'), ('prospect_vertical_50_ac5_av_target', 'prospect_mplr'))": 0.9301842693378792,
    "(('prospect_vertical_50_ac5_av_source', 'LastName'), ('prospect_vertical_50_ac5_av_target', 'prospect_mplr'))": 0.9252605050029625,
    "(('prospect_vertical_50_ac5_av_target', 'prospect_nmbrchldrn'), ('prospect_vertical_50_ac5_av_source', 'NumberChildren'))": 0.9102040604390081,
    "(('prospect_vertical_50_ac5_av_target', 'prospect_nmbrcrs'), ('prospect_vertical_50_ac5_av_source', 'NumberChildren'))": 0.909168814752849
  },
  "metrics": {
    "precision": 0.75,
    "recall": 0.2727272727272727,
    "f1_score": 0.39999999999999997,
    "precision_at_10_percent": 0.5,
    "precision_at_20_percent": 0.6666666666666666,
    "precision_at_30_percent": 0.6,
    "precision_at_40_percent": 0.5,
    "precision_at_50_percent": 0.42857142857142855,
    "precision_at_60_percent": 0.3333333333333333,
    "precision_at_70_percent": 0.3,
    "precision_at_80_percent": 0.25,
    "precision_at_90_percent": 0.3076923076923077,
    "recall_at_sizeof_ground_truth": 0.2727272727272727
  },
  "run_times": {
    "total_time": 117.94236027599982,
    "algorithm_time": 115.21333003900054
  }
}