{
  "name": "prospect_vertical_70_ac4_ev__CorrelationClustering{'threshold1': 0.1, 'threshold2': 0.1, 'quantiles': 256, 'process_num': 4, 'chunk_size': 1, 'clear_cache': True}",
  "matches": {
    "(('prospect_vertical_70_ac4_ev_source', 'AgencyID'), ('prospect_vertical_70_ac4_ev_target', 'prospect_AgID'))": 1.0,
    "(('prospect_vertical_70_ac4_ev_source', 'Gender'), ('prospect_vertical_70_ac4_ev_target', 'prospect_Ge'))": 1.0,
    "(('prospect_vertical_70_ac4_ev_target', 'prospect_MidInit'), ('prospect_vertical_70_ac4_ev_source', 'MiddleInitial'))": 1.0,
    "(('prospect_vertical_70_ac4_ev_target', 'prospect_Emp'), ('prospect_vertical_70_ac4_ev_source', 'Employer'))": 1.0,
    "(('prospect_vertical_70_ac4_ev_source', 'State'), ('prospect_vertical_70_ac4_ev_target', 'prospect_St'))": 1.0,
    "(('prospect_vertical_70_ac4_ev_target', 'prospect_A'), ('prospect_vertical_70_ac4_ev_source', 'Age'))": 1.0,
    "(('prospect_vertical_70_ac4_ev_target', 'prospect_AddL2'), ('prospect_vertical_70_ac4_ev_source', 'AddressLine2'))": 1.0,
    "(('prospect_vertical_70_ac4_ev_target', 'prospect_OORFl'), ('prospect_vertical_70_ac4_ev_source', 'OwnOrRentFlag'))": 1.0,
    "(('prospect_vertical_70_ac4_ev_target', 'prospect_In'), ('prospect_vertical_70_ac4_ev_source', 'Income'))": 1.0,
    "(('prospect_vertical_70_ac4_ev_target', 'prospect_Ci'), ('prospect_vertical_70_ac4_ev_source', 'City'))": 1.0,
    "(('prospect_vertical_70_ac4_ev_source', 'NumberCars'), ('prospect_vertical_70_ac4_ev_target', 'prospect_NuCa'))": 1.0,
    "(('prospect_vertical_70_ac4_ev_source', 'NumberCreditCards'), ('prospect_vertical_70_ac4_ev_target', 'prospect_NumCreCar'))": 1.0,
    "(('prospect_vertical_70_ac4_ev_target', 'prospect_NWor'), ('prospect_vertical_70_ac4_ev_source', 'NetWorth'))": 1.0,
    "(('prospect_vertical_70_ac4_ev_target', 'prospect_MaSta'), ('prospect_vertical_70_ac4_ev_source', 'MaritalStatus'))": 1.0,
    "(('prospect_vertical_70_ac4_ev_source', 'FirstName'), ('prospect_vertical_70_ac4_ev_target', 'prospect_FirN'))": 1.0,
    "(('prospect_vertical_70_ac4_ev_source', 'NumberCars'), ('prospect_vertical_70_ac4_ev_target', 'prospect_NumChil'))": 0.9959956011031521,
    "(('prospect_vertical_70_ac4_ev_source', 'LastName'), ('prospect_vertical_70_ac4_ev_target', 'prospect_FirN'))": 0.989952502036646
  },
  "metrics": {
    "precision": 1.0,
    "recall": 1.0,
    "f1_score": 1.0,
    "precision_at_10_percent": 1.0,
    "precision_at_20_percent": 1.0,
    "precision_at_30_percent": 1.0,
    "precision_at_40_percent": 1.0,
    "precision_at_50_percent": 1.0,
    "precision_at_60_percent": 1.0,
    "precision_at_70_percent": 1.0,
    "precision_at_80_percent": 1.0,
    "precision_at_90_percent": 0.9375,
    "recall_at_sizeof_ground_truth": 1.0
  },
  "run_times": {
    "total_time": 89.36271607400158,
    "algorithm_time": 88.56316577600046
  }
}