{
  "name": "prospect_both_0_30_ac3_av__CorrelationClustering{'threshold1': 0.2, 'threshold2': 0.2, 'quantiles': 256, 'process_num': 4, 'chunk_size': 1, 'clear_cache': True}",
  "matches": {
    "(('prospect_both_0_30_ac3_av_source', 'OwnOrRentFlag'), ('prospect_both_0_30_ac3_av_target', 'wnrrntflg'))": 0.9983663008970283,
    "(('prospect_both_0_30_ac3_av_source', 'MiddleInitial'), ('prospect_both_0_30_ac3_av_target', 'mddlntl'))": 0.9880813345793064,
    "(('prospect_both_0_30_ac3_av_source', 'Employer'), ('prospect_both_0_30_ac3_av_target', 'mplr'))": 0.9730138356697211,
    "(('prospect_both_0_30_ac3_av_target', 'mplr'), ('prospect_both_0_30_ac3_av_source', 'City'))": 0.959763584170797,
    "(('prospect_both_0_30_ac3_av_source', 'MiddleInitial'), ('prospect_both_0_30_ac3_av_target', 'mrtlstts'))": 0.8824280076082336
  },
  "metrics": {
    "precision": 1.0,
    "recall": 0.5,
    "f1_score": 0.6666666666666666,
    "precision_at_10_percent": 1.0,
    "precision_at_20_percent": 1.0,
    "precision_at_30_percent": 1.0,
    "precision_at_40_percent": 1.0,
    "precision_at_50_percent": 1.0,
    "precision_at_60_percent": 1.0,
    "precision_at_70_percent": 0.75,
    "precision_at_80_percent": 0.75,
    "precision_at_90_percent": 0.6,
    "recall_at_sizeof_ground_truth": 0.5
  },
  "run_times": {
    "total_time": 60.496543562000625,
    "algorithm_time": 59.84522129300058
  }
}