{
  "name": "prospect_both_0_1_ac3_ev__CorrelationClustering{'threshold1': 0.4, 'threshold2': 0.4, 'quantiles': 256, 'process_num': 4, 'chunk_size': 1, 'clear_cache': True}",
  "matches": {
    "(('prospect_both_0_1_ac3_ev_source', 'FirstName'), ('prospect_both_0_1_ac3_ev_target', 'mplr'))": 0.9626945632989732,
    "(('prospect_both_0_1_ac3_ev_source', 'City'), ('prospect_both_0_1_ac3_ev_target', 'mplr'))": 0.953118832780242,
    "(('prospect_both_0_1_ac3_ev_source', 'LastName'), ('prospect_both_0_1_ac3_ev_target', 'mplr'))": 0.9504280625819606,
    "(('prospect_both_0_1_ac3_ev_source', 'State'), ('prospect_both_0_1_ac3_ev_target', 'mplr'))": 0.9033510973765251,
    "(('prospect_both_0_1_ac3_ev_target', 'mrtlstts'), ('prospect_both_0_1_ac3_ev_source', 'MiddleInitial'))": 0.7761150742648887,
    "(('prospect_both_0_1_ac3_ev_target', 'mrtlstts'), ('prospect_both_0_1_ac3_ev_source', 'Gender'))": 0.754253972182067,
    "(('prospect_both_0_1_ac3_ev_target', 'wnrrntflg'), ('prospect_both_0_1_ac3_ev_source', 'MiddleInitial'))": 0.5756806691101787,
    "(('prospect_both_0_1_ac3_ev_target', 'wnrrntflg'), ('prospect_both_0_1_ac3_ev_source', 'Gender'))": 0.5023596382732421
  },
  "metrics": {
    "precision": 0.0,
    "recall": 0.0,
    "f1_score": 0,
    "precision_at_10_percent": 0.0,
    "precision_at_20_percent": 0.0,
    "precision_at_30_percent": 0.0,
    "precision_at_40_percent": 0.0,
    "precision_at_50_percent": 0.0,
    "precision_at_60_percent": 0.0,
    "precision_at_70_percent": 0.0,
    "precision_at_80_percent": 0.0,
    "precision_at_90_percent": 0.0,
    "recall_at_sizeof_ground_truth": 0.0
  },
  "run_times": {
    "total_time": 31.379301778999434,
    "algorithm_time": 30.756404990999727
  }
}