{
  "name": "prospect_vertical_1_ac3_av__CorrelationClustering{'threshold1': 0.1, 'threshold2': 0.2, 'quantiles': 256, 'process_num': 4, 'chunk_size': 1, 'clear_cache': True}",
  "matches": {
    "(('prospect_vertical_1_ac3_av_target', 'gncd'), ('prospect_vertical_1_ac3_av_source', 'AgencyID'))": 0.980460427434798,
    "(('prospect_vertical_1_ac3_av_source', 'City'), ('prospect_vertical_1_ac3_av_target', 'mplr'))": 0.9563748157950982
  },
  "metrics": {
    "precision": 0.5,
    "recall": 1.0,
    "f1_score": 0.6666666666666666,
    "precision_at_10_percent": 1.0,
    "precision_at_20_percent": 1.0,
    "precision_at_30_percent": 1.0,
    "precision_at_40_percent": 1.0,
    "precision_at_50_percent": 1.0,
    "precision_at_60_percent": 0.5,
    "precision_at_70_percent": 0.5,
    "precision_at_80_percent": 0.5,
    "precision_at_90_percent": 0.5,
    "recall_at_sizeof_ground_truth": 1.0
  },
  "run_times": {
    "total_time": 52.84511638299955,
    "algorithm_time": 51.85100976600006
  }
}