{
  "name": "prospect_vertical_30_ec_ev__CorrelationClustering{'threshold1': 0.5, 'threshold2': 0.4, 'quantiles': 256, 'process_num': 4, 'chunk_size': 1, 'clear_cache': True}",
  "matches": {
    "(('prospect_vertical_30_ec_ev_target', 'AgencyID'), ('prospect_vertical_30_ec_ev_source', 'AgencyID'))": 1.0,
    "(('prospect_vertical_30_ec_ev_target', 'Employer'), ('prospect_vertical_30_ec_ev_source', 'Employer'))": 1.0,
    "(('prospect_vertical_30_ec_ev_target', 'City'), ('prospect_vertical_30_ec_ev_source', 'City'))": 1.0,
    "(('prospect_vertical_30_ec_ev_target', 'NumberCreditCards'), ('prospect_vertical_30_ec_ev_source', 'NumberCreditCards'))": 1.0,
    "(('prospect_vertical_30_ec_ev_target', 'Gender'), ('prospect_vertical_30_ec_ev_source', 'Gender'))": 1.0,
    "(('prospect_vertical_30_ec_ev_target', 'MiddleInitial'), ('prospect_vertical_30_ec_ev_source', 'MiddleInitial'))": 1.0,
    "(('prospect_vertical_30_ec_ev_source', 'FirstName'), ('prospect_vertical_30_ec_ev_target', 'City'))": 0.9678661794245057,
    "(('prospect_vertical_30_ec_ev_target', 'Employer'), ('prospect_vertical_30_ec_ev_source', 'City'))": 0.9624689291072158,
    "(('prospect_vertical_30_ec_ev_source', 'Employer'), ('prospect_vertical_30_ec_ev_target', 'City'))": 0.9624689291072158,
    "(('prospect_vertical_30_ec_ev_source', 'LastName'), ('prospect_vertical_30_ec_ev_target', 'City'))": 0.9596518212426488,
    "(('prospect_vertical_30_ec_ev_target', 'City'), ('prospect_vertical_30_ec_ev_source', 'State'))": 0.9432925452324574,
    "(('prospect_vertical_30_ec_ev_source', 'FirstName'), ('prospect_vertical_30_ec_ev_target', 'Employer'))": 0.938403793209503,
    "(('prospect_vertical_30_ec_ev_source', 'LastName'), ('prospect_vertical_30_ec_ev_target', 'Employer'))": 0.9295413620222012,
    "(('prospect_vertical_30_ec_ev_target', 'Employer'), ('prospect_vertical_30_ec_ev_source', 'State'))": 0.925884163813236,
    "(('prospect_vertical_30_ec_ev_source', 'NumberCreditCards'), ('prospect_vertical_30_ec_ev_target', 'NumberCars'))": 0.8162698956226878,
    "(('prospect_vertical_30_ec_ev_source', 'NumberCreditCards'), ('prospect_vertical_30_ec_ev_target', 'NumberChildren'))": 0.8147636829122008,
    "(('prospect_vertical_30_ec_ev_target', 'MaritalStatus'), ('prospect_vertical_30_ec_ev_source', 'MiddleInitial'))": 0.7762748398730287,
    "(('prospect_vertical_30_ec_ev_target', 'Gender'), ('prospect_vertical_30_ec_ev_source', 'MiddleInitial'))": 0.7738726552126324,
    "(('prospect_vertical_30_ec_ev_source', 'Gender'), ('prospect_vertical_30_ec_ev_target', 'MiddleInitial'))": 0.7738726552126324,
    "(('prospect_vertical_30_ec_ev_target', 'MaritalStatus'), ('prospect_vertical_30_ec_ev_source', 'Gender'))": 0.7564186071428914,
    "(('prospect_vertical_30_ec_ev_target', 'Age'), ('prospect_vertical_30_ec_ev_source', 'NumberCreditCards'))": 0.6919258922947382,
    "(('prospect_vertical_30_ec_ev_target', 'OwnOrRentFlag'), ('prospect_vertical_30_ec_ev_source', 'MiddleInitial'))": 0.5715684232624882,
    "(('prospect_vertical_30_ec_ev_target', 'OwnOrRentFlag'), ('prospect_vertical_30_ec_ev_source', 'Gender'))": 0.5021838543495662
  },
  "metrics": {
    "precision": 1.0,
    "recall": 1.0,
    "f1_score": 1.0,
    "precision_at_10_percent": 1.0,
    "precision_at_20_percent": 1.0,
    "precision_at_30_percent": 0.8571428571428571,
    "precision_at_40_percent": 0.6,
    "precision_at_50_percent": 0.5,
    "precision_at_60_percent": 0.42857142857142855,
    "precision_at_70_percent": 0.35294117647058826,
    "precision_at_80_percent": 0.3157894736842105,
    "precision_at_90_percent": 0.2857142857142857,
    "recall_at_sizeof_ground_truth": 1.0
  },
  "run_times": {
    "total_time": 84.79139619399939,
    "algorithm_time": 84.15044521100026
  }
}