{
  "name": "prospect_vertical_50_ac5_av__CorrelationClustering{'threshold1': 0.1, 'threshold2': 0.15, 'quantiles': 256, 'process_num': 4, 'chunk_size': 1, 'clear_cache': True}",
  "matches": {
    "(('prospect_vertical_50_ac5_av_source', 'LastName'), ('prospect_vertical_50_ac5_av_target', 'prospect_lstnm'))": 0.9922446811821583,
    "(('prospect_vertical_50_ac5_av_source', 'FirstName'), ('prospect_vertical_50_ac5_av_target', 'prospect_lstnm'))": 0.9909861461302445,
    "(('prospect_vertical_50_ac5_av_source', 'FirstName'), ('prospect_vertical_50_ac5_av_target', 'prospect_frstnm'))": 0.9882929407502318,
    "(('prospect_vertical_50_ac5_av_source', 'LastName'), ('prospect_vertical_50_ac5_av_target', 'prospect_frstnm'))": 0.9831355134337552,
    "(('prospect_vertical_50_ac5_av_target', 'prospect_gncd'), ('prospect_vertical_50_ac5_av_source', 'AgencyID'))": 0.9810670884945207,
    "(('prospect_vertical_50_ac5_av_source', 'NumberChildren'), ('prospect_vertical_50_ac5_av_target', 'prospect_nmbrcrs'))": 0.9605129982115688,
    "(('prospect_vertical_50_ac5_av_source', 'NumberChildren'), ('prospect_vertical_50_ac5_av_target', 'prospect_nmbrchldrn'))": 0.9564413762175865,
    "(('prospect_vertical_50_ac5_av_source', 'City'), ('prospect_vertical_50_ac5_av_target', 'prospect_lstnm'))": 0.9474004615687179,
    "(('prospect_vertical_50_ac5_av_source', 'City'), ('prospect_vertical_50_ac5_av_target', 'prospect_frstnm'))": 0.9463585915172416,
    "(('prospect_vertical_50_ac5_av_target', 'prospect_nmbrchldrn'), ('prospect_vertical_50_ac5_av_source', 'NumberCreditCards'))": 0.9311420987558868,
    "(('prospect_vertical_50_ac5_av_target', 'prospect_nmbrcrs'), ('prospect_vertical_50_ac5_av_source', 'NumberCreditCards'))": 0.929222343353841
  },
  "metrics": {
    "precision": 0.75,
    "recall": 0.2727272727272727,
    "f1_score": 0.39999999999999997,
    "precision_at_10_percent": 0.5,
    "precision_at_20_percent": 0.6666666666666666,
    "precision_at_30_percent": 0.5,
    "precision_at_40_percent": 0.6,
    "precision_at_50_percent": 0.5,
    "precision_at_60_percent": 0.5714285714285714,
    "precision_at_70_percent": 0.5,
    "precision_at_80_percent": 0.4444444444444444,
    "precision_at_90_percent": 0.4,
    "recall_at_sizeof_ground_truth": 0.36363636363636365
  },
  "run_times": {
    "total_time": 112.4400903349997,
    "algorithm_time": 111.6907821929999
  }
}