{
  "name": "prospect_vertical_1_ac5_av__CorrelationClustering{'threshold1': 0.3, 'threshold2': 0.4, 'quantiles': 256, 'process_num': 4, 'chunk_size': 1, 'clear_cache': True}",
  "matches": {
    "(('prospect_vertical_1_ac5_av_target', 'prospect_gncd'), ('prospect_vertical_1_ac5_av_source', 'AgencyID'))": 0.980262578218746,
    "(('prospect_vertical_1_ac5_av_target', 'prospect_mplr'), ('prospect_vertical_1_ac5_av_source', 'City'))": 0.9624689291072158,
    "(('prospect_vertical_1_ac5_av_target', 'prospect_mplr'), ('prospect_vertical_1_ac5_av_source', 'FirstName'))": 0.9384183763793197,
    "(('prospect_vertical_1_ac5_av_source', 'LastName'), ('prospect_vertical_1_ac5_av_target', 'prospect_mplr'))": 0.929538513062154,
    "(('prospect_vertical_1_ac5_av_source', 'State'), ('prospect_vertical_1_ac5_av_target', 'prospect_mplr'))": 0.9058588257090651,
    "(('prospect_vertical_1_ac5_av_source', 'MiddleInitial'), ('prospect_vertical_1_ac5_av_target', 'prospect_wnrrntflg'))": 0.8220859057558055,
    "(('prospect_vertical_1_ac5_av_target', 'prospect_mrtlstts'), ('prospect_vertical_1_ac5_av_source', 'MiddleInitial'))": 0.7762748398730287,
    "(('prospect_vertical_1_ac5_av_target', 'prospect_mrtlstts'), ('prospect_vertical_1_ac5_av_source', 'Gender'))": 0.7564186071428914,
    "(('prospect_vertical_1_ac5_av_target', 'prospect_wnrrntflg'), ('prospect_vertical_1_ac5_av_source', 'Gender'))": 0.5021838543495662
  },
  "metrics": {
    "precision": 0.3333333333333333,
    "recall": 1.0,
    "f1_score": 0.5,
    "precision_at_10_percent": 1.0,
    "precision_at_20_percent": 0.5,
    "precision_at_30_percent": 0.3333333333333333,
    "precision_at_40_percent": 0.25,
    "precision_at_50_percent": 0.2,
    "precision_at_60_percent": 0.16666666666666666,
    "precision_at_70_percent": 0.14285714285714285,
    "precision_at_80_percent": 0.125,
    "precision_at_90_percent": 0.1111111111111111,
    "recall_at_sizeof_ground_truth": 1.0
  },
  "run_times": {
    "total_time": 70.56819841199831,
    "algorithm_time": 70.12350904800041
  }
}