{
  "name": "prospect_vertical_30_ac3_av__CorrelationClustering{'threshold1': 0.15, 'threshold2': 0.2, 'quantiles': 256, 'process_num': 4, 'chunk_size': 1, 'clear_cache': True}",
  "matches": {
    "(('prospect_vertical_30_ac3_av_target', 'mddlntl'), ('prospect_vertical_30_ac3_av_source', 'MiddleInitial'))": 1.0,
    "(('prospect_vertical_30_ac3_av_source', 'Gender'), ('prospect_vertical_30_ac3_av_target', 'gndr'))": 0.9995797065857506,
    "(('prospect_vertical_30_ac3_av_source', 'FirstName'), ('prospect_vertical_30_ac3_av_target', 'lstnm'))": 0.989898361677726,
    "(('prospect_vertical_30_ac3_av_target', 'gncd'), ('prospect_vertical_30_ac3_av_source', 'AgencyID'))": 0.9832761655824044,
    "(('prospect_vertical_30_ac3_av_target', 'lstnm'), ('prospect_vertical_30_ac3_av_source', 'LastName'))": 0.9748971998112834,
    "(('prospect_vertical_30_ac3_av_target', 'mplr'), ('prospect_vertical_30_ac3_av_source', 'City'))": 0.9624689291072158,
    "(('prospect_vertical_30_ac3_av_target', 'lstnm'), ('prospect_vertical_30_ac3_av_source', 'City'))": 0.9596414957112421,
    "(('prospect_vertical_30_ac3_av_target', 'lstnm'), ('prospect_vertical_30_ac3_av_source', 'State'))": 0.9402481459554543,
    "(('prospect_vertical_30_ac3_av_source', 'FirstName'), ('prospect_vertical_30_ac3_av_target', 'mplr'))": 0.9384073916253236,
    "(('prospect_vertical_30_ac3_av_source', 'LastName'), ('prospect_vertical_30_ac3_av_target', 'mplr'))": 0.9256868449805933,
    "(('prospect_vertical_30_ac3_av_target', 'nmbrchldrn'), ('prospect_vertical_30_ac3_av_source', 'NumberChildren'))": 0.9203624852293337,
    "(('prospect_vertical_30_ac3_av_source', 'State'), ('prospect_vertical_30_ac3_av_target', 'mplr'))": 0.9058588257090651,
    "(('prospect_vertical_30_ac3_av_target', 'nmbrcrs'), ('prospect_vertical_30_ac3_av_source', 'NumberChildren'))": 0.8997424029211663,
    "(('prospect_vertical_30_ac3_av_target', 'mrtlstts'), ('prospect_vertical_30_ac3_av_source', 'MiddleInitial'))": 0.7762748398730287
  },
  "metrics": {
    "precision": 0.6,
    "recall": 0.5,
    "f1_score": 0.5454545454545454,
    "precision_at_10_percent": 1.0,
    "precision_at_20_percent": 0.6666666666666666,
    "precision_at_30_percent": 0.8,
    "precision_at_40_percent": 0.6666666666666666,
    "precision_at_50_percent": 0.5714285714285714,
    "precision_at_60_percent": 0.4444444444444444,
    "precision_at_70_percent": 0.4,
    "precision_at_80_percent": 0.4166666666666667,
    "precision_at_90_percent": 0.38461538461538464,
    "recall_at_sizeof_ground_truth": 0.6666666666666666
  },
  "run_times": {
    "total_time": 98.98894869800006,
    "algorithm_time": 96.75402619899978
  }
}