{
  "name": "prospect_both_50_30_ac2_av__CorrelationClustering{'threshold1': 0.4, 'threshold2': 0.3, 'quantiles': 256, 'process_num': 4, 'chunk_size': 1, 'clear_cache': True}",
  "matches": {
    "(('prospect_both_50_30_ac2_av_source', 'City'), ('prospect_both_50_30_ac2_av_target', 'C'))": 0.9877164613369313,
    "(('prospect_both_50_30_ac2_av_source', 'LastName'), ('prospect_both_50_30_ac2_av_target', 'LaN'))": 0.9837482410233059,
    "(('prospect_both_50_30_ac2_av_source', 'LastName'), ('prospect_both_50_30_ac2_av_target', 'C'))": 0.9739569569872615,
    "(('prospect_both_50_30_ac2_av_source', 'City'), ('prospect_both_50_30_ac2_av_target', 'LaN'))": 0.9715268003075463,
    "(('prospect_both_50_30_ac2_av_target', 'AgID'), ('prospect_both_50_30_ac2_av_source', 'AgencyID'))": 0.9665144220719359,
    "(('prospect_both_50_30_ac2_av_target', 'LaN'), ('prospect_both_50_30_ac2_av_source', 'FirstName'))": 0.956009994382744,
    "(('prospect_both_50_30_ac2_av_target', 'C'), ('prospect_both_50_30_ac2_av_source', 'FirstName'))": 0.9547969204302404,
    "(('prospect_both_50_30_ac2_av_target', 'C'), ('prospect_both_50_30_ac2_av_source', 'State'))": 0.9413771756509506,
    "(('prospect_both_50_30_ac2_av_target', 'LaN'), ('prospect_both_50_30_ac2_av_source', 'State'))": 0.9392834446998942,
    "(('prospect_both_50_30_ac2_av_target', 'Ag'), ('prospect_both_50_30_ac2_av_source', 'Age'))": 0.910922434162285,
    "(('prospect_both_50_30_ac2_av_target', 'MarSta'), ('prospect_both_50_30_ac2_av_source', 'MiddleInitial'))": 0.7765850420386672,
    "(('prospect_both_50_30_ac2_av_source', 'Gender'), ('prospect_both_50_30_ac2_av_target', 'MarSta'))": 0.7113500812575648,
    "(('prospect_both_50_30_ac2_av_source', 'Age'), ('prospect_both_50_30_ac2_av_target', 'NumCreCa'))": 0.6837319610433992,
    "(('prospect_both_50_30_ac2_av_source', 'Gender'), ('prospect_both_50_30_ac2_av_target', 'OORF'))": 0.6446030701568671,
    "(('prospect_both_50_30_ac2_av_target', 'OORF'), ('prospect_both_50_30_ac2_av_source', 'MiddleInitial'))": 0.5757761462868134,
    "(('prospect_both_50_30_ac2_av_target', 'NuChil'), ('prospect_both_50_30_ac2_av_source', 'Age'))": 0.5111277579927804,
    "(('prospect_both_50_30_ac2_av_target', 'NuCa'), ('prospect_both_50_30_ac2_av_source', 'Age'))": 0.5111277579927804
  },
  "metrics": {
    "precision": 1.0,
    "recall": 0.5,
    "f1_score": 0.6666666666666666,
    "precision_at_10_percent": 1.0,
    "precision_at_20_percent": 0.5,
    "precision_at_30_percent": 0.5,
    "precision_at_40_percent": 0.42857142857142855,
    "precision_at_50_percent": 0.3333333333333333,
    "precision_at_60_percent": 0.36363636363636365,
    "precision_at_70_percent": 0.3333333333333333,
    "precision_at_80_percent": 0.2857142857142857,
    "precision_at_90_percent": 0.25,
    "recall_at_sizeof_ground_truth": 0.5
  },
  "run_times": {
    "total_time": 79.99581940999997,
    "algorithm_time": 79.49940499899822
  }
}