{
  "name": "prospect_vertical_70_ec_ev__CorrelationClustering{'threshold1': 0.15, 'threshold2': 0.1, 'quantiles': 256, 'process_num': 4, 'chunk_size': 1, 'clear_cache': True}",
  "matches": {
    "(('prospect_vertical_70_ec_ev_target', 'AgencyID'), ('prospect_vertical_70_ec_ev_source', 'AgencyID'))": 1.0,
    "(('prospect_vertical_70_ec_ev_target', 'CreditRating'), ('prospect_vertical_70_ec_ev_source', 'CreditRating'))": 1.0,
    "(('prospect_vertical_70_ec_ev_target', 'Employer'), ('prospect_vertical_70_ec_ev_source', 'Employer'))": 1.0,
    "(('prospect_vertical_70_ec_ev_target', 'OwnOrRentFlag'), ('prospect_vertical_70_ec_ev_source', 'OwnOrRentFlag'))": 1.0,
    "(('prospect_vertical_70_ec_ev_target', 'AddressLine1'), ('prospect_vertical_70_ec_ev_source', 'AddressLine1'))": 1.0,
    "(('prospect_vertical_70_ec_ev_source', 'Phone'), ('prospect_vertical_70_ec_ev_target', 'Phone'))": 1.0,
    "(('prospect_vertical_70_ec_ev_target', 'NetWorth'), ('prospect_vertical_70_ec_ev_source', 'NetWorth'))": 1.0,
    "(('prospect_vertical_70_ec_ev_source', 'PostalCode'), ('prospect_vertical_70_ec_ev_target', 'PostalCode'))": 1.0,
    "(('prospect_vertical_70_ec_ev_source', 'Income'), ('prospect_vertical_70_ec_ev_target', 'Income'))": 1.0,
    "(('prospect_vertical_70_ec_ev_target', 'MaritalStatus'), ('prospect_vertical_70_ec_ev_source', 'MaritalStatus'))": 1.0,
    "(('prospect_vertical_70_ec_ev_source', 'Age'), ('prospect_vertical_70_ec_ev_target', 'Age'))": 1.0,
    "(('prospect_vertical_70_ec_ev_target', 'Country'), ('prospect_vertical_70_ec_ev_source', 'Country'))": 1.0,
    "(('prospect_vertical_70_ec_ev_source', 'Gender'), ('prospect_vertical_70_ec_ev_target', 'Gender'))": 1.0,
    "(('prospect_vertical_70_ec_ev_target', 'State'), ('prospect_vertical_70_ec_ev_source', 'State'))": 1.0,
    "(('prospect_vertical_70_ec_ev_source', 'NumberCreditCards'), ('prospect_vertical_70_ec_ev_target', 'NumberCreditCards'))": 1.0
  },
  "metrics": {
    "precision": 1.0,
    "recall": 1.0,
    "f1_score": 1.0,
    "precision_at_10_percent": 1.0,
    "precision_at_20_percent": 1.0,
    "precision_at_30_percent": 1.0,
    "precision_at_40_percent": 1.0,
    "precision_at_50_percent": 1.0,
    "precision_at_60_percent": 1.0,
    "precision_at_70_percent": 1.0,
    "precision_at_80_percent": 1.0,
    "precision_at_90_percent": 1.0,
    "recall_at_sizeof_ground_truth": 1.0
  },
  "run_times": {
    "total_time": 53.38763700799973,
    "algorithm_time": 51.153334990000076
  }
}