{
  "name": "prospect_both_50_30_ac5_ev__CorrelationClustering{'threshold1': 0.1, 'threshold2': 0.15, 'quantiles': 256, 'process_num': 4, 'chunk_size': 1, 'clear_cache': True}",
  "matches": {
    "(('prospect_both_50_30_ac5_ev_source', 'Phone'), ('prospect_both_50_30_ac5_ev_target', 'prospect_phn'))": 0.9981632616873475,
    "(('prospect_both_50_30_ac5_ev_source', 'NumberCars'), ('prospect_both_50_30_ac5_ev_target', 'prospect_nmbrcrs'))": 0.997583726577638,
    "(('prospect_both_50_30_ac5_ev_target', 'prospect_ct'), ('prospect_both_50_30_ac5_ev_source', 'City'))": 0.9971072576750041,
    "(('prospect_both_50_30_ac5_ev_source', 'State'), ('prospect_both_50_30_ac5_ev_target', 'prospect_stt'))": 0.9967851093817971,
    "(('prospect_both_50_30_ac5_ev_source', 'NumberCars'), ('prospect_both_50_30_ac5_ev_target', 'prospect_nmbrchldrn'))": 0.994380136400536,
    "(('prospect_both_50_30_ac5_ev_source', 'LastName'), ('prospect_both_50_30_ac5_ev_target', 'prospect_frstnm'))": 0.9816803880183098,
    "(('prospect_both_50_30_ac5_ev_target', 'prospect_gncd'), ('prospect_both_50_30_ac5_ev_source', 'AgencyID'))": 0.9735562969587737,
    "(('prospect_both_50_30_ac5_ev_source', 'FirstName'), ('prospect_both_50_30_ac5_ev_target', 'prospect_frstnm'))": 0.9653498041726563
  },
  "metrics": {
    "precision": 1.0,
    "recall": 0.6666666666666666,
    "f1_score": 0.8,
    "precision_at_10_percent": 1.0,
    "precision_at_20_percent": 1.0,
    "precision_at_30_percent": 1.0,
    "precision_at_40_percent": 1.0,
    "precision_at_50_percent": 1.0,
    "precision_at_60_percent": 0.8,
    "precision_at_70_percent": 0.6666666666666666,
    "precision_at_80_percent": 0.7142857142857143,
    "precision_at_90_percent": 0.75,
    "recall_at_sizeof_ground_truth": 0.6666666666666666
  },
  "run_times": {
    "total_time": 54.22355048799909,
    "algorithm_time": 53.864117168999655
  }
}