{
  "name": "prospect_vertical_50_ec_ev__CorrelationClustering{'threshold1': 0.15, 'threshold2': 0.1, 'quantiles': 256, 'process_num': 4, 'chunk_size': 1, 'clear_cache': True}",
  "matches": {
    "(('prospect_vertical_50_ec_ev_target', 'AgencyID'), ('prospect_vertical_50_ec_ev_source', 'AgencyID'))": 1.0,
    "(('prospect_vertical_50_ec_ev_target', 'FirstName'), ('prospect_vertical_50_ec_ev_source', 'FirstName'))": 1.0,
    "(('prospect_vertical_50_ec_ev_target', 'Age'), ('prospect_vertical_50_ec_ev_source', 'Age'))": 1.0,
    "(('prospect_vertical_50_ec_ev_target', 'MiddleInitial'), ('prospect_vertical_50_ec_ev_source', 'MiddleInitial'))": 1.0,
    "(('prospect_vertical_50_ec_ev_target', 'MaritalStatus'), ('prospect_vertical_50_ec_ev_source', 'MaritalStatus'))": 1.0,
    "(('prospect_vertical_50_ec_ev_source', 'NumberCreditCards'), ('prospect_vertical_50_ec_ev_target', 'NumberCreditCards'))": 1.0,
    "(('prospect_vertical_50_ec_ev_target', 'NumberCars'), ('prospect_vertical_50_ec_ev_source', 'NumberCars'))": 1.0,
    "(('prospect_vertical_50_ec_ev_source', 'NumberChildren'), ('prospect_vertical_50_ec_ev_target', 'NumberChildren'))": 1.0,
    "(('prospect_vertical_50_ec_ev_target', 'OwnOrRentFlag'), ('prospect_vertical_50_ec_ev_source', 'OwnOrRentFlag'))": 1.0,
    "(('prospect_vertical_50_ec_ev_target', 'LastName'), ('prospect_vertical_50_ec_ev_source', 'LastName'))": 1.0,
    "(('prospect_vertical_50_ec_ev_target', 'CreditRating'), ('prospect_vertical_50_ec_ev_source', 'CreditRating'))": 1.0,
    "(('prospect_vertical_50_ec_ev_target', 'NumberCars'), ('prospect_vertical_50_ec_ev_source', 'NumberChildren'))": 0.9959956011031521,
    "(('prospect_vertical_50_ec_ev_source', 'NumberCars'), ('prospect_vertical_50_ec_ev_target', 'NumberChildren'))": 0.9959956011031521
  },
  "metrics": {
    "precision": 1.0,
    "recall": 1.0,
    "f1_score": 1.0,
    "precision_at_10_percent": 1.0,
    "precision_at_20_percent": 1.0,
    "precision_at_30_percent": 1.0,
    "precision_at_40_percent": 1.0,
    "precision_at_50_percent": 1.0,
    "precision_at_60_percent": 1.0,
    "precision_at_70_percent": 1.0,
    "precision_at_80_percent": 1.0,
    "precision_at_90_percent": 0.9166666666666666,
    "recall_at_sizeof_ground_truth": 1.0
  },
  "run_times": {
    "total_time": 71.08615803099929,
    "algorithm_time": 69.99771867500021
  }
}