{
  "name": "prospect_vertical_50_ac2_av__CorrelationClustering{'threshold1': 0.15, 'threshold2': 0.15, 'quantiles': 256, 'process_num': 4, 'chunk_size': 1, 'clear_cache': True}",
  "matches": {
    "(('prospect_vertical_50_ac2_av_target', 'MiIni'), ('prospect_vertical_50_ac2_av_source', 'MiddleInitial'))": 1.0,
    "(('prospect_vertical_50_ac2_av_source', 'OwnOrRentFlag'), ('prospect_vertical_50_ac2_av_target', 'OORFl'))": 1.0,
    "(('prospect_vertical_50_ac2_av_source', 'Gender'), ('prospect_vertical_50_ac2_av_target', 'Gen'))": 0.9995797065857506,
    "(('prospect_vertical_50_ac2_av_source', 'AgencyID'), ('prospect_vertical_50_ac2_av_target', 'AgID'))": 0.9938296517645094,
    "(('prospect_vertical_50_ac2_av_source', 'LastName'), ('prospect_vertical_50_ac2_av_target', 'LN'))": 0.9925757016929709,
    "(('prospect_vertical_50_ac2_av_source', 'FirstName'), ('prospect_vertical_50_ac2_av_target', 'LN'))": 0.9906010609618774,
    "(('prospect_vertical_50_ac2_av_source', 'FirstName'), ('prospect_vertical_50_ac2_av_target', 'FirN'))": 0.9903557916558224,
    "(('prospect_vertical_50_ac2_av_source', 'LastName'), ('prospect_vertical_50_ac2_av_target', 'FirN'))": 0.9843822854197356,
    "(('prospect_vertical_50_ac2_av_target', 'Ci'), ('prospect_vertical_50_ac2_av_source', 'City'))": 0.9665934226974807,
    "(('prospect_vertical_50_ac2_av_target', 'FirN'), ('prospect_vertical_50_ac2_av_source', 'State'))": 0.9400982436208518,
    "(('prospect_vertical_50_ac2_av_source', 'State'), ('prospect_vertical_50_ac2_av_target', 'LN'))": 0.8850547979487198,
    "(('prospect_vertical_50_ac2_av_target', 'MariSta'), ('prospect_vertical_50_ac2_av_source', 'MiddleInitial'))": 0.7762748398730287
  },
  "metrics": {
    "precision": 1.0,
    "recall": 0.5454545454545454,
    "f1_score": 0.7058823529411764,
    "precision_at_10_percent": 1.0,
    "precision_at_20_percent": 1.0,
    "precision_at_30_percent": 1.0,
    "precision_at_40_percent": 1.0,
    "precision_at_50_percent": 0.8333333333333334,
    "precision_at_60_percent": 0.75,
    "precision_at_70_percent": 0.7777777777777778,
    "precision_at_80_percent": 0.7,
    "precision_at_90_percent": 0.6363636363636364,
    "recall_at_sizeof_ground_truth": 0.6363636363636364
  },
  "run_times": {
    "total_time": 110.67426193599931,
    "algorithm_time": 109.01943626499997
  }
}