{
  "name": "prospect_both_0_70_ac5_ev__CorrelationClustering{'threshold1': 0.15, 'threshold2': 0.15, 'quantiles': 256, 'process_num': 4, 'chunk_size': 1, 'clear_cache': True}",
  "matches": {
    "(('prospect_both_0_70_ac5_ev_target', 'prospect_nmbrchldrn'), ('prospect_both_0_70_ac5_ev_source', 'NumberCars'))": 0.9968397696505971,
    "(('prospect_both_0_70_ac5_ev_target', 'prospect_nmbrcrs'), ('prospect_both_0_70_ac5_ev_source', 'NumberCars'))": 0.9968136864830642,
    "(('prospect_both_0_70_ac5_ev_target', 'prospect_gndr'), ('prospect_both_0_70_ac5_ev_source', 'Gender'))": 0.9966427818341754,
    "(('prospect_both_0_70_ac5_ev_target', 'prospect_nmbrchldrn'), ('prospect_both_0_70_ac5_ev_source', 'NumberChildren'))": 0.9965175460733809,
    "(('prospect_both_0_70_ac5_ev_target', 'prospect_ct'), ('prospect_both_0_70_ac5_ev_source', 'City'))": 0.9959962037574457,
    "(('prospect_both_0_70_ac5_ev_source', 'NumberCreditCards'), ('prospect_both_0_70_ac5_ev_target', 'prospect_nmbrcrdtcrds'))": 0.9956342094353238,
    "(('prospect_both_0_70_ac5_ev_source', 'NumberChildren'), ('prospect_both_0_70_ac5_ev_target', 'prospect_nmbrcrs'))": 0.9952142647586303,
    "(('prospect_both_0_70_ac5_ev_target', 'prospect_crdtrtng'), ('prospect_both_0_70_ac5_ev_source', 'CreditRating'))": 0.9948906888294117,
    "(('prospect_both_0_70_ac5_ev_target', 'prospect_ntwrth'), ('prospect_both_0_70_ac5_ev_source', 'NetWorth'))": 0.9927918874189674,
    "(('prospect_both_0_70_ac5_ev_target', 'prospect_mplr'), ('prospect_both_0_70_ac5_ev_source', 'Employer'))": 0.9925565107023416,
    "(('prospect_both_0_70_ac5_ev_source', 'MiddleInitial'), ('prospect_both_0_70_ac5_ev_target', 'prospect_mddlntl'))": 0.9880813345793064,
    "(('prospect_both_0_70_ac5_ev_source', 'LastName'), ('prospect_both_0_70_ac5_ev_target', 'prospect_ct'))": 0.9809124799427148,
    "(('prospect_both_0_70_ac5_ev_source', 'FirstName'), ('prospect_both_0_70_ac5_ev_target', 'prospect_ct'))": 0.9756974214232357,
    "(('prospect_both_0_70_ac5_ev_source', 'MiddleInitial'), ('prospect_both_0_70_ac5_ev_target', 'prospect_mrtlstts'))": 0.8824280076082336
  },
  "metrics": {
    "precision": 0.6666666666666666,
    "recall": 0.26666666666666666,
    "f1_score": 0.3809523809523809,
    "precision_at_10_percent": 0.5,
    "precision_at_20_percent": 0.6666666666666666,
    "precision_at_30_percent": 0.8,
    "precision_at_40_percent": 0.8333333333333334,
    "precision_at_50_percent": 0.7142857142857143,
    "precision_at_60_percent": 0.7777777777777778,
    "precision_at_70_percent": 0.8,
    "precision_at_80_percent": 0.75,
    "precision_at_90_percent": 0.6923076923076923,
    "recall_at_sizeof_ground_truth": 0.6
  },
  "run_times": {
    "total_time": 65.16375402300037,
    "algorithm_time": 64.72663533999912
  }
}