{
  "name": "prospect_horizontal_0_ac3_ev__CorrelationClustering{'threshold1': 0.3, 'threshold2': 0.4, 'quantiles': 256, 'process_num': 4, 'chunk_size': 1, 'clear_cache': True}",
  "matches": {
    "(('prospect_horizontal_0_ac3_ev_source', 'Country'), ('prospect_horizontal_0_ac3_ev_target', 'cntr'))": 0.9998953858308358,
    "(('prospect_horizontal_0_ac3_ev_source', 'OwnOrRentFlag'), ('prospect_horizontal_0_ac3_ev_target', 'wnrrntflg'))": 0.9983663008970283,
    "(('prospect_horizontal_0_ac3_ev_target', 'nmbrchldrn'), ('prospect_horizontal_0_ac3_ev_source', 'NumberCars'))": 0.9968397696505971,
    "(('prospect_horizontal_0_ac3_ev_target', 'nmbrcrs'), ('prospect_horizontal_0_ac3_ev_source', 'NumberCars'))": 0.9968136864830642,
    "(('prospect_horizontal_0_ac3_ev_target', 'gndr'), ('prospect_horizontal_0_ac3_ev_source', 'Gender'))": 0.9966427818341754,
    "(('prospect_horizontal_0_ac3_ev_target', 'nmbrchldrn'), ('prospect_horizontal_0_ac3_ev_source', 'NumberChildren'))": 0.9965175460733809,
    "(('prospect_horizontal_0_ac3_ev_target', 'ct'), ('prospect_horizontal_0_ac3_ev_source', 'City'))": 0.9959962037574457,
    "(('prospect_horizontal_0_ac3_ev_target', 'nmbrcrs'), ('prospect_horizontal_0_ac3_ev_source', 'NumberChildren'))": 0.995927280114694,
    "(('prospect_horizontal_0_ac3_ev_target', 'nmbrcrdtcrds'), ('prospect_horizontal_0_ac3_ev_source', 'NumberCreditCards'))": 0.9956342094353238,
    "(('prospect_horizontal_0_ac3_ev_source', 'CreditRating'), ('prospect_horizontal_0_ac3_ev_target', 'crdtrtng'))": 0.9949193645779973,
    "(('prospect_horizontal_0_ac3_ev_target', 'stt'), ('prospect_horizontal_0_ac3_ev_source', 'State'))": 0.9944130537682558,
    "(('prospect_horizontal_0_ac3_ev_target', 'mrtlstts'), ('prospect_horizontal_0_ac3_ev_source', 'MaritalStatus'))": 0.9930902664159933,
    "(('prospect_horizontal_0_ac3_ev_target', 'ntwrth'), ('prospect_horizontal_0_ac3_ev_source', 'NetWorth'))": 0.9927893731225045,
    "(('prospect_horizontal_0_ac3_ev_source', 'Age'), ('prospect_horizontal_0_ac3_ev_target', 'g'))": 0.9927300638105909,
    "(('prospect_horizontal_0_ac3_ev_source', 'Employer'), ('prospect_horizontal_0_ac3_ev_target', 'mplr'))": 0.9925607438193774,
    "(('prospect_horizontal_0_ac3_ev_source', 'Income'), ('prospect_horizontal_0_ac3_ev_target', 'ncm'))": 0.9916889755439331,
    "(('prospect_horizontal_0_ac3_ev_source', 'MiddleInitial'), ('prospect_horizontal_0_ac3_ev_target', 'mddlntl'))": 0.9880813345793064,
    "(('prospect_horizontal_0_ac3_ev_source', 'LastName'), ('prospect_horizontal_0_ac3_ev_target', 'ct'))": 0.9809124799427148,
    "(('prospect_horizontal_0_ac3_ev_source', 'FirstName'), ('prospect_horizontal_0_ac3_ev_target', 'ct'))": 0.9756974214232357,
    "(('prospect_horizontal_0_ac3_ev_source', 'Employer'), ('prospect_horizontal_0_ac3_ev_target', 'ct'))": 0.9649358291923156,
    "(('prospect_horizontal_0_ac3_ev_source', 'FirstName'), ('prospect_horizontal_0_ac3_ev_target', 'mplr'))": 0.9627029107878388,
    "(('prospect_horizontal_0_ac3_ev_target', 'mplr'), ('prospect_horizontal_0_ac3_ev_source', 'City'))": 0.9597770719411819,
    "(('prospect_horizontal_0_ac3_ev_source', 'LastName'), ('prospect_horizontal_0_ac3_ev_target', 'mplr'))": 0.9504378013006283,
    "(('prospect_horizontal_0_ac3_ev_target', 'ct'), ('prospect_horizontal_0_ac3_ev_source', 'State'))": 0.9427813584566453,
    "(('prospect_horizontal_0_ac3_ev_source', 'LastName'), ('prospect_horizontal_0_ac3_ev_target', 'stt'))": 0.9418519184864906,
    "(('prospect_horizontal_0_ac3_ev_target', 'stt'), ('prospect_horizontal_0_ac3_ev_source', 'City'))": 0.9353621675526562,
    "(('prospect_horizontal_0_ac3_ev_source', 'FirstName'), ('prospect_horizontal_0_ac3_ev_target', 'stt'))": 0.9346370549480766,
    "(('prospect_horizontal_0_ac3_ev_source', 'Employer'), ('prospect_horizontal_0_ac3_ev_target', 'stt'))": 0.9296729304473965,
    "(('prospect_horizontal_0_ac3_ev_target', 'mplr'), ('prospect_horizontal_0_ac3_ev_source', 'State'))": 0.9225641046175579,
    "(('prospect_horizontal_0_ac3_ev_source', 'MiddleInitial'), ('prospect_horizontal_0_ac3_ev_target', 'wnrrntflg'))": 0.8321139449054722,
    "(('prospect_horizontal_0_ac3_ev_target', 'gndr'), ('prospect_horizontal_0_ac3_ev_source', 'MiddleInitial'))": 0.7847242683280531,
    "(('prospect_horizontal_0_ac3_ev_source', 'Gender'), ('prospect_horizontal_0_ac3_ev_target', 'mddlntl'))": 0.7783962746713553,
    "(('prospect_horizontal_0_ac3_ev_target', 'mrtlstts'), ('prospect_horizontal_0_ac3_ev_source', 'MiddleInitial'))": 0.7761150742648887,
    "(('prospect_horizontal_0_ac3_ev_target', 'mrtlstts'), ('prospect_horizontal_0_ac3_ev_source', 'Gender'))": 0.754253972182067,
    "(('prospect_horizontal_0_ac3_ev_source', 'MaritalStatus'), ('prospect_horizontal_0_ac3_ev_target', 'mddlntl'))": 0.7353255617808151,
    "(('prospect_horizontal_0_ac3_ev_target', 'gndr'), ('prospect_horizontal_0_ac3_ev_source', 'MaritalStatus'))": 0.7269582628511402,
    "(('prospect_horizontal_0_ac3_ev_target', 'gndr'), ('prospect_horizontal_0_ac3_ev_source', 'OwnOrRentFlag'))": 0.6558790392596218,
    "(('prospect_horizontal_0_ac3_ev_source', 'OwnOrRentFlag'), ('prospect_horizontal_0_ac3_ev_target', 'mrtlstts'))": 0.5994002025879389,
    "(('prospect_horizontal_0_ac3_ev_target', 'wnrrntflg'), ('prospect_horizontal_0_ac3_ev_source', 'MaritalStatus'))": 0.598954081103587,
    "(('prospect_horizontal_0_ac3_ev_source', 'OwnOrRentFlag'), ('prospect_horizontal_0_ac3_ev_target', 'mddlntl'))": 0.5681754012302094,
    "(('prospect_horizontal_0_ac3_ev_target', 'wnrrntflg'), ('prospect_horizontal_0_ac3_ev_source', 'Gender'))": 0.5023596382732421
  },
  "metrics": {
    "precision": 0.8461538461538461,
    "recall": 0.5,
    "f1_score": 0.6285714285714286,
    "precision_at_10_percent": 0.8,
    "precision_at_20_percent": 0.7777777777777778,
    "precision_at_30_percent": 0.8461538461538461,
    "precision_at_40_percent": 0.8823529411764706,
    "precision_at_50_percent": 0.7142857142857143,
    "precision_at_60_percent": 0.6,
    "precision_at_70_percent": 0.5172413793103449,
    "precision_at_80_percent": 0.45454545454545453,
    "precision_at_90_percent": 0.40540540540540543,
    "recall_at_sizeof_ground_truth": 0.6818181818181818
  },
  "run_times": {
    "total_time": 73.54263541699947,
    "algorithm_time": 73.10830546599936
  }
}