{
  "name": "prospect_both_50_30_ac1_ev__CorrelationClustering{'threshold1': 0.2, 'threshold2': 0.2, 'quantiles': 256, 'process_num': 4, 'chunk_size': 1, 'clear_cache': True}",
  "matches": {
    "(('prospect_both_50_30_ac1_ev_source', 'Country'), ('prospect_both_50_30_ac1_ev_target', 'prospect_Country'))": 0.9992093747175093,
    "(('prospect_both_50_30_ac1_ev_source', 'OwnOrRentFlag'), ('prospect_both_50_30_ac1_ev_target', 'prospect_OwnOrRentFlag'))": 0.9988285632060875,
    "(('prospect_both_50_30_ac1_ev_source', 'CreditRating'), ('prospect_both_50_30_ac1_ev_target', 'prospect_CreditRating'))": 0.9960777386172405,
    "(('prospect_both_50_30_ac1_ev_target', 'prospect_MaritalStatus'), ('prospect_both_50_30_ac1_ev_source', 'MaritalStatus'))": 0.9952274489931225,
    "(('prospect_both_50_30_ac1_ev_source', 'MiddleInitial'), ('prospect_both_50_30_ac1_ev_target', 'prospect_MiddleInitial'))": 0.9920449379057182,
    "(('prospect_both_50_30_ac1_ev_target', 'prospect_AgencyID'), ('prospect_both_50_30_ac1_ev_source', 'AgencyID'))": 0.9735562969587737,
    "(('prospect_both_50_30_ac1_ev_target', 'prospect_Employer'), ('prospect_both_50_30_ac1_ev_source', 'City'))": 0.9610968111516233,
    "(('prospect_both_50_30_ac1_ev_target', 'prospect_MiddleInitial'), ('prospect_both_50_30_ac1_ev_source', 'MaritalStatus'))": 0.8829957631211733,
    "(('prospect_both_50_30_ac1_ev_source', 'MiddleInitial'), ('prospect_both_50_30_ac1_ev_target', 'prospect_MaritalStatus'))": 0.8821150626686906
  },
  "metrics": {
    "precision": 1.0,
    "recall": 1.0,
    "f1_score": 1.0,
    "precision_at_10_percent": 1.0,
    "precision_at_20_percent": 1.0,
    "precision_at_30_percent": 1.0,
    "precision_at_40_percent": 1.0,
    "precision_at_50_percent": 1.0,
    "precision_at_60_percent": 1.0,
    "precision_at_70_percent": 0.8571428571428571,
    "precision_at_80_percent": 0.75,
    "precision_at_90_percent": 0.6666666666666666,
    "recall_at_sizeof_ground_truth": 1.0
  },
  "run_times": {
    "total_time": 49.70218214099987,
    "algorithm_time": 49.245565118999366
  }
}