{
  "name": "prospect_both_50_30_ac1_ev__CorrelationClustering{'threshold1': 0.15, 'threshold2': 0.15, 'quantiles': 256, 'process_num': 4, 'chunk_size': 1, 'clear_cache': True}",
  "matches": {
    "(('prospect_both_50_30_ac1_ev_source', 'Country'), ('prospect_both_50_30_ac1_ev_target', 'prospect_Country'))": 0.9992093747175093,
    "(('prospect_both_50_30_ac1_ev_target', 'prospect_OwnOrRentFlag'), ('prospect_both_50_30_ac1_ev_source', 'OwnOrRentFlag'))": 0.9988285632060875,
    "(('prospect_both_50_30_ac1_ev_source', 'MaritalStatus'), ('prospect_both_50_30_ac1_ev_target', 'prospect_MaritalStatus'))": 0.9973130554176024,
    "(('prospect_both_50_30_ac1_ev_source', 'CreditRating'), ('prospect_both_50_30_ac1_ev_target', 'prospect_CreditRating'))": 0.9960777386172405,
    "(('prospect_both_50_30_ac1_ev_source', 'MiddleInitial'), ('prospect_both_50_30_ac1_ev_target', 'prospect_MiddleInitial'))": 0.9920449379057182,
    "(('prospect_both_50_30_ac1_ev_source', 'AgencyID'), ('prospect_both_50_30_ac1_ev_target', 'prospect_AgencyID'))": 0.9731178910839503,
    "(('prospect_both_50_30_ac1_ev_source', 'MiddleInitial'), ('prospect_both_50_30_ac1_ev_target', 'prospect_MaritalStatus'))": 0.8821150626686906,
    "(('prospect_both_50_30_ac1_ev_source', 'MaritalStatus'), ('prospect_both_50_30_ac1_ev_target', 'prospect_MiddleInitial'))": 0.7388340282607722
  },
  "metrics": {
    "precision": 1.0,
    "recall": 0.8333333333333334,
    "f1_score": 0.9090909090909091,
    "precision_at_10_percent": 1.0,
    "precision_at_20_percent": 1.0,
    "precision_at_30_percent": 1.0,
    "precision_at_40_percent": 1.0,
    "precision_at_50_percent": 1.0,
    "precision_at_60_percent": 1.0,
    "precision_at_70_percent": 1.0,
    "precision_at_80_percent": 0.8571428571428571,
    "precision_at_90_percent": 0.75,
    "recall_at_sizeof_ground_truth": 1.0
  },
  "run_times": {
    "total_time": 47.38847254599932,
    "algorithm_time": 46.82703173199843
  }
}