{
  "name": "prospect_horizontal_50_ac5_av__CorrelationClustering{'threshold1': 0.2, 'threshold2': 0.2, 'quantiles': 256, 'process_num': 4, 'chunk_size': 1, 'clear_cache': True}",
  "matches": {
    "(('prospect_horizontal_50_ac5_av_target', 'prospect_wnrrntflg'), ('prospect_horizontal_50_ac5_av_source', 'OwnOrRentFlag'))": 0.9990447274123232,
    "(('prospect_horizontal_50_ac5_av_target', 'prospect_gndr'), ('prospect_horizontal_50_ac5_av_source', 'Gender'))": 0.9976519821566625,
    "(('prospect_horizontal_50_ac5_av_source', 'MaritalStatus'), ('prospect_horizontal_50_ac5_av_target', 'prospect_mrtlstts'))": 0.9960637448108528,
    "(('prospect_horizontal_50_ac5_av_target', 'prospect_stt'), ('prospect_horizontal_50_ac5_av_source', 'State'))": 0.993137342461202,
    "(('prospect_horizontal_50_ac5_av_target', 'prospect_mddlntl'), ('prospect_horizontal_50_ac5_av_source', 'MiddleInitial'))": 0.9911161868048095,
    "(('prospect_horizontal_50_ac5_av_target', 'prospect_ct'), ('prospect_horizontal_50_ac5_av_source', 'City'))": 0.9888637705326985,
    "(('prospect_horizontal_50_ac5_av_source', 'Employer'), ('prospect_horizontal_50_ac5_av_target', 'prospect_mplr'))": 0.9867359834262743,
    "(('prospect_horizontal_50_ac5_av_source', 'NumberCars'), ('prospect_horizontal_50_ac5_av_target', 'prospect_nmbrcrs'))": 0.9810012010310033,
    "(('prospect_horizontal_50_ac5_av_target', 'prospect_nmbrchldrn'), ('prospect_horizontal_50_ac5_av_source', 'NumberCars'))": 0.9760719249176693,
    "(('prospect_horizontal_50_ac5_av_source', 'LastName'), ('prospect_horizontal_50_ac5_av_target', 'prospect_ct'))": 0.9666744554530708,
    "(('prospect_horizontal_50_ac5_av_target', 'prospect_ncm'), ('prospect_horizontal_50_ac5_av_source', 'Income'))": 0.9601510340961977,
    "(('prospect_horizontal_50_ac5_av_target', 'prospect_nmbrchldrn'), ('prospect_horizontal_50_ac5_av_source', 'NumberChildren'))": 0.9523857279108682,
    "(('prospect_horizontal_50_ac5_av_target', 'prospect_g'), ('prospect_horizontal_50_ac5_av_source', 'Age'))": 0.9515297415554557,
    "(('prospect_horizontal_50_ac5_av_target', 'prospect_ntwrth'), ('prospect_horizontal_50_ac5_av_source', 'NetWorth'))": 0.9476964050432171,
    "(('prospect_horizontal_50_ac5_av_target', 'prospect_nmbrcrdtcrds'), ('prospect_horizontal_50_ac5_av_source', 'NumberCreditCards'))": 0.94689389849677,
    "(('prospect_horizontal_50_ac5_av_target', 'prospect_ct'), ('prospect_horizontal_50_ac5_av_source', 'FirstName'))": 0.9444464609249705,
    "(('prospect_horizontal_50_ac5_av_target', 'prospect_ct'), ('prospect_horizontal_50_ac5_av_source', 'State'))": 0.9423747046019982,
    "(('prospect_horizontal_50_ac5_av_source', 'LastName'), ('prospect_horizontal_50_ac5_av_target', 'prospect_stt'))": 0.9413128237171033,
    "(('prospect_horizontal_50_ac5_av_source', 'NumberChildren'), ('prospect_horizontal_50_ac5_av_target', 'prospect_nmbrcrs'))": 0.9410110122163367,
    "(('prospect_horizontal_50_ac5_av_target', 'prospect_stt'), ('prospect_horizontal_50_ac5_av_source', 'City'))": 0.9275586939760463,
    "(('prospect_horizontal_50_ac5_av_target', 'prospect_crdtrtng'), ('prospect_horizontal_50_ac5_av_source', 'CreditRating'))": 0.879051932586014,
    "(('prospect_horizontal_50_ac5_av_target', 'prospect_stt'), ('prospect_horizontal_50_ac5_av_source', 'FirstName'))": 0.8773017898348983,
    "(('prospect_horizontal_50_ac5_av_target', 'prospect_cntr'), ('prospect_horizontal_50_ac5_av_source', 'Country'))": 0.8577826282934137,
    "(('prospect_horizontal_50_ac5_av_target', 'prospect_mrtlstts'), ('prospect_horizontal_50_ac5_av_source', 'MiddleInitial'))": 0.7767842647678409,
    "(('prospect_horizontal_50_ac5_av_source', 'MaritalStatus'), ('prospect_horizontal_50_ac5_av_target', 'prospect_mddlntl'))": 0.7751416892013906
  },
  "metrics": {
    "precision": 1.0,
    "recall": 0.5909090909090909,
    "f1_score": 0.7428571428571429,
    "precision_at_10_percent": 1.0,
    "precision_at_20_percent": 1.0,
    "precision_at_30_percent": 1.0,
    "precision_at_40_percent": 0.8,
    "precision_at_50_percent": 0.8461538461538461,
    "precision_at_60_percent": 0.8666666666666667,
    "precision_at_70_percent": 0.7222222222222222,
    "precision_at_80_percent": 0.65,
    "precision_at_90_percent": 0.6521739130434783,
    "recall_at_sizeof_ground_truth": 0.6363636363636364
  },
  "run_times": {
    "total_time": 141.85433301900048,
    "algorithm_time": 139.96770838200064
  }
}