{
  "name": "prospect_both_50_50_ac3_av__CorrelationClustering{'threshold1': 0.1, 'threshold2': 0.2, 'quantiles': 256, 'process_num': 4, 'chunk_size': 1, 'clear_cache': True}",
  "matches": {
    "(('prospect_both_50_50_ac3_av_target', 'mrtlstts'), ('prospect_both_50_50_ac3_av_source', 'MaritalStatus'))": 0.9952274489931225,
    "(('prospect_both_50_50_ac3_av_target', 'mddlntl'), ('prospect_both_50_50_ac3_av_source', 'MiddleInitial'))": 0.9916642818859448,
    "(('prospect_both_50_50_ac3_av_target', 'stt'), ('prospect_both_50_50_ac3_av_source', 'State'))": 0.9893677646367753,
    "(('prospect_both_50_50_ac3_av_source', 'LastName'), ('prospect_both_50_50_ac3_av_target', 'frstnm'))": 0.981676032871513,
    "(('prospect_both_50_50_ac3_av_target', 'gncd'), ('prospect_both_50_50_ac3_av_source', 'AgencyID'))": 0.9707045856671391,
    "(('prospect_both_50_50_ac3_av_target', 'mplr'), ('prospect_both_50_50_ac3_av_source', 'Employer'))": 0.9651132188518892,
    "(('prospect_both_50_50_ac3_av_target', 'frstnm'), ('prospect_both_50_50_ac3_av_source', 'FirstName'))": 0.9611059725970338,
    "(('prospect_both_50_50_ac3_av_source', 'FirstName'), ('prospect_both_50_50_ac3_av_target', 'mplr'))": 0.9582268914823371,
    "(('prospect_both_50_50_ac3_av_source', 'City'), ('prospect_both_50_50_ac3_av_target', 'mplr'))": 0.9552566605109438,
    "(('prospect_both_50_50_ac3_av_source', 'LastName'), ('prospect_both_50_50_ac3_av_target', 'mplr'))": 0.9521633267182176,
    "(('prospect_both_50_50_ac3_av_target', 'frstnm'), ('prospect_both_50_50_ac3_av_source', 'Employer'))": 0.9507880402978441,
    "(('prospect_both_50_50_ac3_av_source', 'City'), ('prospect_both_50_50_ac3_av_target', 'frstnm'))": 0.9463265727025407,
    "(('prospect_both_50_50_ac3_av_source', 'City'), ('prospect_both_50_50_ac3_av_target', 'stt'))": 0.9421304816946815,
    "(('prospect_both_50_50_ac3_av_source', 'LastName'), ('prospect_both_50_50_ac3_av_target', 'stt'))": 0.9403645481203404,
    "(('prospect_both_50_50_ac3_av_target', 'frstnm'), ('prospect_both_50_50_ac3_av_source', 'State'))": 0.939014849572779,
    "(('prospect_both_50_50_ac3_av_source', 'FirstName'), ('prospect_both_50_50_ac3_av_target', 'stt'))": 0.933952531921568,
    "(('prospect_both_50_50_ac3_av_target', 'mplr'), ('prospect_both_50_50_ac3_av_source', 'State'))": 0.9237936674302007,
    "(('prospect_both_50_50_ac3_av_target', 'stt'), ('prospect_both_50_50_ac3_av_source', 'Employer'))": 0.889228223767882
  },
  "metrics": {
    "precision": 0.8333333333333334,
    "recall": 0.45454545454545453,
    "f1_score": 0.5882352941176471,
    "precision_at_10_percent": 1.0,
    "precision_at_20_percent": 0.75,
    "precision_at_30_percent": 0.8333333333333334,
    "precision_at_40_percent": 0.75,
    "precision_at_50_percent": 0.6666666666666666,
    "precision_at_60_percent": 0.5454545454545454,
    "precision_at_70_percent": 0.46153846153846156,
    "precision_at_80_percent": 0.4,
    "precision_at_90_percent": 0.35294117647058826,
    "recall_at_sizeof_ground_truth": 0.5454545454545454
  },
  "run_times": {
    "total_time": 101.50226294500044,
    "algorithm_time": 100.74642906700046
  }
}