{
  "name": "prospect_both_50_50_ec_ev__CorrelationClustering{'threshold1': 0.3, 'threshold2': 0.3, 'quantiles': 256, 'process_num': 4, 'chunk_size': 1, 'clear_cache': True}",
  "matches": {
    "(('prospect_both_50_50_ec_ev_target', 'NumberChildren'), ('prospect_both_50_50_ec_ev_source', 'NumberChildren'))": 0.9983756425393574,
    "(('prospect_both_50_50_ec_ev_target', 'Gender'), ('prospect_both_50_50_ec_ev_source', 'Gender'))": 0.9979592420146852,
    "(('prospect_both_50_50_ec_ev_source', 'MaritalStatus'), ('prospect_both_50_50_ec_ev_target', 'MaritalStatus'))": 0.9973130554176024,
    "(('prospect_both_50_50_ec_ev_source', 'City'), ('prospect_both_50_50_ec_ev_target', 'City'))": 0.9971082289738992,
    "(('prospect_both_50_50_ec_ev_source', 'CreditRating'), ('prospect_both_50_50_ec_ev_target', 'CreditRating'))": 0.9960777386172405,
    "(('prospect_both_50_50_ec_ev_target', 'NumberCars'), ('prospect_both_50_50_ec_ev_source', 'NumberChildren'))": 0.9947415477292951,
    "(('prospect_both_50_50_ec_ev_source', 'Income'), ('prospect_both_50_50_ec_ev_target', 'Income'))": 0.9943705662538809,
    "(('prospect_both_50_50_ec_ev_source', 'NetWorth'), ('prospect_both_50_50_ec_ev_target', 'NetWorth'))": 0.9923049284306777,
    "(('prospect_both_50_50_ec_ev_source', 'LastName'), ('prospect_both_50_50_ec_ev_target', 'City'))": 0.9804586036784109,
    "(('prospect_both_50_50_ec_ev_target', 'AgencyID'), ('prospect_both_50_50_ec_ev_source', 'AgencyID'))": 0.9735554862620851,
    "(('prospect_both_50_50_ec_ev_target', 'AddressLine2'), ('prospect_both_50_50_ec_ev_source', 'AddressLine2'))": 0.9695050276759539,
    "(('prospect_both_50_50_ec_ev_target', 'Employer'), ('prospect_both_50_50_ec_ev_source', 'FirstName'))": 0.9635209925127383,
    "(('prospect_both_50_50_ec_ev_source', 'City'), ('prospect_both_50_50_ec_ev_target', 'Employer'))": 0.9552599643402879,
    "(('prospect_both_50_50_ec_ev_target', 'City'), ('prospect_both_50_50_ec_ev_source', 'FirstName'))": 0.9547950119696121,
    "(('prospect_both_50_50_ec_ev_source', 'LastName'), ('prospect_both_50_50_ec_ev_target', 'Employer'))": 0.9521604432673338,
    "(('prospect_both_50_50_ec_ev_target', 'City'), ('prospect_both_50_50_ec_ev_source', 'State'))": 0.9413771756509506,
    "(('prospect_both_50_50_ec_ev_target', 'Employer'), ('prospect_both_50_50_ec_ev_source', 'State'))": 0.9239947772887186,
    "(('prospect_both_50_50_ec_ev_target', 'PostalCode'), ('prospect_both_50_50_ec_ev_source', 'PostalCode'))": 0.9029080152459815,
    "(('prospect_both_50_50_ec_ev_source', 'MiddleInitial'), ('prospect_both_50_50_ec_ev_target', 'MaritalStatus'))": 0.8821150626686906,
    "(('prospect_both_50_50_ec_ev_source', 'MaritalStatus'), ('prospect_both_50_50_ec_ev_target', 'OwnOrRentFlag'))": 0.8819833899339333,
    "(('prospect_both_50_50_ec_ev_target', 'AddressLine1'), ('prospect_both_50_50_ec_ev_source', 'AddressLine1'))": 0.8711910317797326,
    "(('prospect_both_50_50_ec_ev_source', 'MiddleInitial'), ('prospect_both_50_50_ec_ev_target', 'Gender'))": 0.8410997452591684,
    "(('prospect_both_50_50_ec_ev_source', 'MiddleInitial'), ('prospect_both_50_50_ec_ev_target', 'OwnOrRentFlag'))": 0.8318747851317079,
    "(('prospect_both_50_50_ec_ev_source', 'MaritalStatus'), ('prospect_both_50_50_ec_ev_target', 'Gender'))": 0.7209675293349023,
    "(('prospect_both_50_50_ec_ev_source', 'Gender'), ('prospect_both_50_50_ec_ev_target', 'MaritalStatus'))": 0.7113500812575648,
    "(('prospect_both_50_50_ec_ev_source', 'Gender'), ('prospect_both_50_50_ec_ev_target', 'OwnOrRentFlag'))": 0.6446030701568671
  },
  "metrics": {
    "precision": 0.9,
    "recall": 0.8181818181818182,
    "f1_score": 0.8571428571428572,
    "precision_at_10_percent": 1.0,
    "precision_at_20_percent": 0.8333333333333334,
    "precision_at_30_percent": 0.875,
    "precision_at_40_percent": 0.8181818181818182,
    "precision_at_50_percent": 0.6923076923076923,
    "precision_at_60_percent": 0.5625,
    "precision_at_70_percent": 0.5263157894736842,
    "precision_at_80_percent": 0.5238095238095238,
    "precision_at_90_percent": 0.4583333333333333,
    "recall_at_sizeof_ground_truth": 0.8181818181818182
  },
  "run_times": {
    "total_time": 96.40441734899832,
    "algorithm_time": 95.1746900629987
  }
}