{
  "name": "prospect_horizontal_100_ac5_av__CorrelationClustering{'threshold1': 0.1, 'threshold2': 0.15, 'quantiles': 256, 'process_num': 4, 'chunk_size': 1, 'clear_cache': True}",
  "matches": {
    "(('prospect_horizontal_100_ac5_av_source', 'OwnOrRentFlag'), ('prospect_horizontal_100_ac5_av_target', 'prospect_wnrrntflg'))": 0.9991804235381831,
    "(('prospect_horizontal_100_ac5_av_target', 'prospect_gndr'), ('prospect_horizontal_100_ac5_av_source', 'Gender'))": 0.9983648402263767,
    "(('prospect_horizontal_100_ac5_av_source', 'MaritalStatus'), ('prospect_horizontal_100_ac5_av_target', 'prospect_mrtlstts'))": 0.9965485176348525,
    "(('prospect_horizontal_100_ac5_av_target', 'prospect_mddlntl'), ('prospect_horizontal_100_ac5_av_source', 'MiddleInitial'))": 0.9944432545311512,
    "(('prospect_horizontal_100_ac5_av_target', 'prospect_stt'), ('prospect_horizontal_100_ac5_av_source', 'State'))": 0.9939732446252791,
    "(('prospect_horizontal_100_ac5_av_source', 'City'), ('prospect_horizontal_100_ac5_av_target', 'prospect_ct'))": 0.9932927946419899,
    "(('prospect_horizontal_100_ac5_av_target', 'prospect_mplr'), ('prospect_horizontal_100_ac5_av_source', 'Employer'))": 0.9831844664757841,
    "(('prospect_horizontal_100_ac5_av_source', 'FirstName'), ('prospect_horizontal_100_ac5_av_target', 'prospect_ct'))": 0.9662771562857344,
    "(('prospect_horizontal_100_ac5_av_source', 'NetWorth'), ('prospect_horizontal_100_ac5_av_target', 'prospect_ntwrth'))": 0.9659586946629974,
    "(('prospect_horizontal_100_ac5_av_source', 'NumberCreditCards'), ('prospect_horizontal_100_ac5_av_target', 'prospect_nmbrcrdtcrds'))": 0.9625565003273612,
    "(('prospect_horizontal_100_ac5_av_source', 'NumberChildren'), ('prospect_horizontal_100_ac5_av_target', 'prospect_nmbrcrs'))": 0.9621365532379782,
    "(('prospect_horizontal_100_ac5_av_source', 'NumberChildren'), ('prospect_horizontal_100_ac5_av_target', 'prospect_nmbrchldrn'))": 0.9616753697204149,
    "(('prospect_horizontal_100_ac5_av_source', 'LastName'), ('prospect_horizontal_100_ac5_av_target', 'prospect_ct'))": 0.9585083183698925,
    "(('prospect_horizontal_100_ac5_av_target', 'prospect_ncm'), ('prospect_horizontal_100_ac5_av_source', 'Income'))": 0.9366273251814297,
    "(('prospect_horizontal_100_ac5_av_source', 'Age'), ('prospect_horizontal_100_ac5_av_target', 'prospect_g'))": 0.9364125441943232,
    "(('prospect_horizontal_100_ac5_av_source', 'NumberCars'), ('prospect_horizontal_100_ac5_av_target', 'prospect_nmbrcrs'))": 0.9288477335528078,
    "(('prospect_horizontal_100_ac5_av_source', 'NumberCars'), ('prospect_horizontal_100_ac5_av_target', 'prospect_nmbrchldrn'))": 0.9275494863104018
  },
  "metrics": {
    "precision": 1.0,
    "recall": 0.4090909090909091,
    "f1_score": 0.5806451612903226,
    "precision_at_10_percent": 1.0,
    "precision_at_20_percent": 1.0,
    "precision_at_30_percent": 1.0,
    "precision_at_40_percent": 1.0,
    "precision_at_50_percent": 0.8888888888888888,
    "precision_at_60_percent": 0.8181818181818182,
    "precision_at_70_percent": 0.8333333333333334,
    "precision_at_80_percent": 0.7857142857142857,
    "precision_at_90_percent": 0.8125,
    "recall_at_sizeof_ground_truth": 0.5909090909090909
  },
  "run_times": {
    "total_time": 150.87689256799968,
    "algorithm_time": 150.06761527399976
  }
}