{
  "name": "prospect_both_0_50_ac5_av__CorrelationClustering{'threshold1': 0.5, 'threshold2': 0.3, 'quantiles': 256, 'process_num': 4, 'chunk_size': 1, 'clear_cache': True}",
  "matches": {
    "(('prospect_both_0_50_ac5_av_source', 'OwnOrRentFlag'), ('prospect_both_0_50_ac5_av_target', 'prospect_wnrrntflg'))": 0.9983663008970283,
    "(('prospect_both_0_50_ac5_av_source', 'MiddleInitial'), ('prospect_both_0_50_ac5_av_target', 'prospect_mddlntl'))": 0.9880813345793064,
    "(('prospect_both_0_50_ac5_av_source', 'City'), ('prospect_both_0_50_ac5_av_target', 'prospect_ct'))": 0.9878486682503492,
    "(('prospect_both_0_50_ac5_av_source', 'LastName'), ('prospect_both_0_50_ac5_av_target', 'prospect_ct'))": 0.9809255241582532,
    "(('prospect_both_0_50_ac5_av_source', 'FirstName'), ('prospect_both_0_50_ac5_av_target', 'prospect_ct'))": 0.9745613155058339,
    "(('prospect_both_0_50_ac5_av_target', 'prospect_mplr'), ('prospect_both_0_50_ac5_av_source', 'Employer'))": 0.9667979725474953,
    "(('prospect_both_0_50_ac5_av_source', 'State'), ('prospect_both_0_50_ac5_av_target', 'prospect_ct'))": 0.9351228769382817,
    "(('prospect_both_0_50_ac5_av_target', 'prospect_nmbrcrs'), ('prospect_both_0_50_ac5_av_source', 'NumberChildren'))": 0.8969204828828401,
    "(('prospect_both_0_50_ac5_av_target', 'prospect_ntwrth'), ('prospect_both_0_50_ac5_av_source', 'NetWorth'))": 0.886341904451979,
    "(('prospect_both_0_50_ac5_av_target', 'prospect_ncm'), ('prospect_both_0_50_ac5_av_source', 'Income'))": 0.8784929170629789,
    "(('prospect_both_0_50_ac5_av_source', 'NumberChildren'), ('prospect_both_0_50_ac5_av_target', 'prospect_nmbrchldrn'))": 0.8700465479845987,
    "(('prospect_both_0_50_ac5_av_target', 'prospect_crdtrtng'), ('prospect_both_0_50_ac5_av_source', 'CreditRating'))": 0.8630096756138784,
    "(('prospect_both_0_50_ac5_av_source', 'MiddleInitial'), ('prospect_both_0_50_ac5_av_target', 'prospect_wnrrntflg'))": 0.8321139449054722,
    "(('prospect_both_0_50_ac5_av_target', 'prospect_mrtlstts'), ('prospect_both_0_50_ac5_av_source', 'OwnOrRentFlag'))": 0.825449873868201,
    "(('prospect_both_0_50_ac5_av_source', 'Gender'), ('prospect_both_0_50_ac5_av_target', 'prospect_mddlntl'))": 0.7783962746713553,
    "(('prospect_both_0_50_ac5_av_target', 'prospect_nmbrcrdtcrds'), ('prospect_both_0_50_ac5_av_source', 'NumberChildren'))": 0.7772755137638003,
    "(('prospect_both_0_50_ac5_av_target', 'prospect_mrtlstts'), ('prospect_both_0_50_ac5_av_source', 'MiddleInitial'))": 0.7761150742648887,
    "(('prospect_both_0_50_ac5_av_source', 'Gender'), ('prospect_both_0_50_ac5_av_target', 'prospect_mrtlstts'))": 0.711558302836756,
    "(('prospect_both_0_50_ac5_av_target', 'prospect_g'), ('prospect_both_0_50_ac5_av_source', 'NumberChildren'))": 0.6770650668672258,
    "(('prospect_both_0_50_ac5_av_source', 'Gender'), ('prospect_both_0_50_ac5_av_target', 'prospect_wnrrntflg'))": 0.6445998381837176,
    "(('prospect_both_0_50_ac5_av_source', 'OwnOrRentFlag'), ('prospect_both_0_50_ac5_av_target', 'prospect_mddlntl'))": 0.5681754012302094
  },
  "metrics": {
    "precision": 0.8571428571428571,
    "recall": 0.5454545454545454,
    "f1_score": 0.6666666666666665,
    "precision_at_10_percent": 1.0,
    "precision_at_20_percent": 0.6,
    "precision_at_30_percent": 0.5714285714285714,
    "precision_at_40_percent": 0.5555555555555556,
    "precision_at_50_percent": 0.6363636363636364,
    "precision_at_60_percent": 0.6153846153846154,
    "precision_at_70_percent": 0.5333333333333333,
    "precision_at_80_percent": 0.47058823529411764,
    "precision_at_90_percent": 0.42105263157894735,
    "recall_at_sizeof_ground_truth": 0.6363636363636364
  },
  "run_times": {
    "total_time": 68.62394479300201,
    "algorithm_time": 68.15527859100257
  }
}