{
  "name": "prospect_vertical_30_ac2_ev__CorrelationClustering{'threshold1': 0.3, 'threshold2': 0.4, 'quantiles': 256, 'process_num': 4, 'chunk_size': 1, 'clear_cache': True}",
  "matches": {
    "(('prospect_vertical_30_ac2_ev_source', 'AgencyID'), ('prospect_vertical_30_ac2_ev_target', 'AgeID'))": 1.0,
    "(('prospect_vertical_30_ac2_ev_source', 'CreditRating'), ('prospect_vertical_30_ac2_ev_target', 'CreRat'))": 1.0,
    "(('prospect_vertical_30_ac2_ev_source', 'NumberCreditCards'), ('prospect_vertical_30_ac2_ev_target', 'NuCreCa'))": 1.0,
    "(('prospect_vertical_30_ac2_ev_source', 'NumberChildren'), ('prospect_vertical_30_ac2_ev_target', 'NumChi'))": 1.0,
    "(('prospect_vertical_30_ac2_ev_source', 'FirstName'), ('prospect_vertical_30_ac2_ev_target', 'FiN'))": 1.0,
    "(('prospect_vertical_30_ac2_ev_target', 'MariSta'), ('prospect_vertical_30_ac2_ev_source', 'MaritalStatus'))": 1.0,
    "(('prospect_vertical_30_ac2_ev_target', 'NuC'), ('prospect_vertical_30_ac2_ev_source', 'NumberChildren'))": 0.9959956011031521,
    "(('prospect_vertical_30_ac2_ev_source', 'LastName'), ('prospect_vertical_30_ac2_ev_target', 'FiN'))": 0.989952502036646,
    "(('prospect_vertical_30_ac2_ev_target', 'Empl'), ('prospect_vertical_30_ac2_ev_source', 'City'))": 0.9624689291072158,
    "(('prospect_vertical_30_ac2_ev_source', 'City'), ('prospect_vertical_30_ac2_ev_target', 'FiN'))": 0.9463578501341656,
    "(('prospect_vertical_30_ac2_ev_target', 'Empl'), ('prospect_vertical_30_ac2_ev_source', 'FirstName'))": 0.9384183764380915,
    "(('prospect_vertical_30_ac2_ev_source', 'LastName'), ('prospect_vertical_30_ac2_ev_target', 'Empl'))": 0.9295413620222012,
    "(('prospect_vertical_30_ac2_ev_source', 'State'), ('prospect_vertical_30_ac2_ev_target', 'Empl'))": 0.9058588257090651,
    "(('prospect_vertical_30_ac2_ev_source', 'State'), ('prospect_vertical_30_ac2_ev_target', 'FiN'))": 0.8793462810634787,
    "(('prospect_vertical_30_ac2_ev_source', 'MaritalStatus'), ('prospect_vertical_30_ac2_ev_target', 'OwORF'))": 0.8260902092726079,
    "(('prospect_vertical_30_ac2_ev_source', 'MiddleInitial'), ('prospect_vertical_30_ac2_ev_target', 'OwORF'))": 0.8220859057558055,
    "(('prospect_vertical_30_ac2_ev_target', 'MariSta'), ('prospect_vertical_30_ac2_ev_source', 'MiddleInitial'))": 0.7762748398730287,
    "(('prospect_vertical_30_ac2_ev_target', 'MariSta'), ('prospect_vertical_30_ac2_ev_source', 'Gender'))": 0.7564186071428914,
    "(('prospect_vertical_30_ac2_ev_source', 'Gender'), ('prospect_vertical_30_ac2_ev_target', 'OwORF'))": 0.6443473044895983
  },
  "metrics": {
    "precision": 0.8571428571428571,
    "recall": 1.0,
    "f1_score": 0.923076923076923,
    "precision_at_10_percent": 1.0,
    "precision_at_20_percent": 1.0,
    "precision_at_30_percent": 1.0,
    "precision_at_40_percent": 0.75,
    "precision_at_50_percent": 0.6,
    "precision_at_60_percent": 0.5,
    "precision_at_70_percent": 0.42857142857142855,
    "precision_at_80_percent": 0.375,
    "precision_at_90_percent": 0.3333333333333333,
    "recall_at_sizeof_ground_truth": 1.0
  },
  "run_times": {
    "total_time": 85.65699988899905,
    "algorithm_time": 83.71946387499884
  }
}