{
  "name": "prospect_horizontal_50_ac4_ev__CorrelationClustering{'threshold1': 0.1, 'threshold2': 0.2, 'quantiles': 256, 'process_num': 4, 'chunk_size': 1, 'clear_cache': True}",
  "matches": {
    "(('prospect_horizontal_50_ac4_ev_target', 'prospect_Cou'), ('prospect_horizontal_50_ac4_ev_source', 'Country'))": 0.9992778960205877,
    "(('prospect_horizontal_50_ac4_ev_source', 'OwnOrRentFlag'), ('prospect_horizontal_50_ac4_ev_target', 'prospect_OwOReF'))": 0.9990447274123232,
    "(('prospect_horizontal_50_ac4_ev_source', 'Phone'), ('prospect_horizontal_50_ac4_ev_target', 'prospect_Pho'))": 0.9979677455392367,
    "(('prospect_horizontal_50_ac4_ev_source', 'NumberChildren'), ('prospect_horizontal_50_ac4_ev_target', 'prospect_NumCh'))": 0.9973573781057508,
    "(('prospect_horizontal_50_ac4_ev_source', 'NumberChildren'), ('prospect_horizontal_50_ac4_ev_target', 'prospect_NuC'))": 0.9972155262738377,
    "(('prospect_horizontal_50_ac4_ev_source', 'Gender'), ('prospect_horizontal_50_ac4_ev_target', 'prospect_Gen'))": 0.9971582580481528,
    "(('prospect_horizontal_50_ac4_ev_source', 'NumberCars'), ('prospect_horizontal_50_ac4_ev_target', 'prospect_NuC'))": 0.9970759507459789,
    "(('prospect_horizontal_50_ac4_ev_target', 'prospect_CreRa'), ('prospect_horizontal_50_ac4_ev_source', 'CreditRating'))": 0.9962120553878923,
    "(('prospect_horizontal_50_ac4_ev_target', 'prospect_Ci'), ('prospect_horizontal_50_ac4_ev_source', 'City'))": 0.996175295592974,
    "(('prospect_horizontal_50_ac4_ev_source', 'NumberCars'), ('prospect_horizontal_50_ac4_ev_target', 'prospect_NumCh'))": 0.9961465333043882,
    "(('prospect_horizontal_50_ac4_ev_source', 'MaritalStatus'), ('prospect_horizontal_50_ac4_ev_target', 'prospect_MarSt'))": 0.9960637448108528,
    "(('prospect_horizontal_50_ac4_ev_target', 'prospect_NeWor'), ('prospect_horizontal_50_ac4_ev_source', 'NetWorth'))": 0.9959071714711659,
    "(('prospect_horizontal_50_ac4_ev_source', 'State'), ('prospect_horizontal_50_ac4_ev_target', 'prospect_St'))": 0.995533359365342,
    "(('prospect_horizontal_50_ac4_ev_source', 'NumberCreditCards'), ('prospect_horizontal_50_ac4_ev_target', 'prospect_NuCreCa'))": 0.9950626249189098,
    "(('prospect_horizontal_50_ac4_ev_source', 'Employer'), ('prospect_horizontal_50_ac4_ev_target', 'prospect_Em'))": 0.9950520593723092,
    "(('prospect_horizontal_50_ac4_ev_source', 'Income'), ('prospect_horizontal_50_ac4_ev_target', 'prospect_Inc'))": 0.9949907069301178,
    "(('prospect_horizontal_50_ac4_ev_target', 'prospect_Ag'), ('prospect_horizontal_50_ac4_ev_source', 'Age'))": 0.9947494809493759,
    "(('prospect_horizontal_50_ac4_ev_source', 'MiddleInitial'), ('prospect_horizontal_50_ac4_ev_target', 'prospect_MidInit'))": 0.9914232752721807,
    "(('prospect_horizontal_50_ac4_ev_target', 'prospect_AddLi2'), ('prospect_horizontal_50_ac4_ev_source', 'AddressLine2'))": 0.978715270204918,
    "(('prospect_horizontal_50_ac4_ev_target', 'prospect_AgID'), ('prospect_horizontal_50_ac4_ev_source', 'AgencyID'))": 0.9627442191167428,
    "(('prospect_horizontal_50_ac4_ev_source', 'LastName'), ('prospect_horizontal_50_ac4_ev_target', 'prospect_LaN'))": 0.9626088183640592,
    "(('prospect_horizontal_50_ac4_ev_source', 'FirstName'), ('prospect_horizontal_50_ac4_ev_target', 'prospect_FirN'))": 0.953182331789868
  },
  "metrics": {
    "precision": 1.0,
    "recall": 0.6363636363636364,
    "f1_score": 0.7777777777777778,
    "precision_at_10_percent": 1.0,
    "precision_at_20_percent": 0.8,
    "precision_at_30_percent": 0.8571428571428571,
    "precision_at_40_percent": 0.8888888888888888,
    "precision_at_50_percent": 0.8181818181818182,
    "precision_at_60_percent": 0.8571428571428571,
    "precision_at_70_percent": 0.875,
    "precision_at_80_percent": 0.8888888888888888,
    "precision_at_90_percent": 0.9,
    "recall_at_sizeof_ground_truth": 0.9090909090909091
  },
  "run_times": {
    "total_time": 156.69963515000018,
    "algorithm_time": 155.02998834500067
  }
}