{
  "name": "prospect_horizontal_0_ec_ev__CorrelationClustering{'threshold1': 0.3, 'threshold2': 0.4, 'quantiles': 256, 'process_num': 4, 'chunk_size': 1, 'clear_cache': True}",
  "matches": {
    "(('prospect_horizontal_0_ec_ev_source', 'Country'), ('prospect_horizontal_0_ec_ev_target', 'Country'))": 0.9998953858308358,
    "(('prospect_horizontal_0_ec_ev_source', 'OwnOrRentFlag'), ('prospect_horizontal_0_ec_ev_target', 'OwnOrRentFlag'))": 0.9983663008970283,
    "(('prospect_horizontal_0_ec_ev_source', 'NumberCars'), ('prospect_horizontal_0_ec_ev_target', 'NumberCars'))": 0.9969762979874353,
    "(('prospect_horizontal_0_ec_ev_source', 'Gender'), ('prospect_horizontal_0_ec_ev_target', 'Gender'))": 0.9965735045741682,
    "(('prospect_horizontal_0_ec_ev_source', 'NumberCars'), ('prospect_horizontal_0_ec_ev_target', 'NumberChildren'))": 0.9964667794314603,
    "(('prospect_horizontal_0_ec_ev_source', 'NumberChildren'), ('prospect_horizontal_0_ec_ev_target', 'NumberChildren'))": 0.9960888555550949,
    "(('prospect_horizontal_0_ec_ev_source', 'City'), ('prospect_horizontal_0_ec_ev_target', 'City'))": 0.9959706997209571,
    "(('prospect_horizontal_0_ec_ev_source', 'NumberCreditCards'), ('prospect_horizontal_0_ec_ev_target', 'NumberCreditCards'))": 0.9956342094353238,
    "(('prospect_horizontal_0_ec_ev_source', 'NumberChildren'), ('prospect_horizontal_0_ec_ev_target', 'NumberCars'))": 0.9952142647586303,
    "(('prospect_horizontal_0_ec_ev_source', 'MaritalStatus'), ('prospect_horizontal_0_ec_ev_target', 'MaritalStatus'))": 0.9951560203743252,
    "(('prospect_horizontal_0_ec_ev_source', 'CreditRating'), ('prospect_horizontal_0_ec_ev_target', 'CreditRating'))": 0.9949193645779973,
    "(('prospect_horizontal_0_ec_ev_source', 'State'), ('prospect_horizontal_0_ec_ev_target', 'State'))": 0.9945734752065646,
    "(('prospect_horizontal_0_ec_ev_source', 'NetWorth'), ('prospect_horizontal_0_ec_ev_target', 'NetWorth'))": 0.992851168640675,
    "(('prospect_horizontal_0_ec_ev_source', 'Age'), ('prospect_horizontal_0_ec_ev_target', 'Age'))": 0.9927300638105909,
    "(('prospect_horizontal_0_ec_ev_source', 'Employer'), ('prospect_horizontal_0_ec_ev_target', 'Employer'))": 0.9925607438193774,
    "(('prospect_horizontal_0_ec_ev_source', 'Income'), ('prospect_horizontal_0_ec_ev_target', 'Income'))": 0.9916889755439331,
    "(('prospect_horizontal_0_ec_ev_source', 'MiddleInitial'), ('prospect_horizontal_0_ec_ev_target', 'MiddleInitial'))": 0.9880813345793064,
    "(('prospect_horizontal_0_ec_ev_source', 'FirstName'), ('prospect_horizontal_0_ec_ev_target', 'City'))": 0.9756974214232357,
    "(('prospect_horizontal_0_ec_ev_target', 'City'), ('prospect_horizontal_0_ec_ev_source', 'LastName'))": 0.963023770463634,
    "(('prospect_horizontal_0_ec_ev_source', 'FirstName'), ('prospect_horizontal_0_ec_ev_target', 'Employer'))": 0.9627029107878388,
    "(('prospect_horizontal_0_ec_ev_target', 'City'), ('prospect_horizontal_0_ec_ev_source', 'Employer'))": 0.9594723640292017,
    "(('prospect_horizontal_0_ec_ev_source', 'City'), ('prospect_horizontal_0_ec_ev_target', 'Employer'))": 0.953118832780242,
    "(('prospect_horizontal_0_ec_ev_target', 'Employer'), ('prospect_horizontal_0_ec_ev_source', 'LastName'))": 0.9515133944714207,
    "(('prospect_horizontal_0_ec_ev_target', 'State'), ('prospect_horizontal_0_ec_ev_source', 'City'))": 0.9353621675526562,
    "(('prospect_horizontal_0_ec_ev_source', 'State'), ('prospect_horizontal_0_ec_ev_target', 'City'))": 0.9351228769382817,
    "(('prospect_horizontal_0_ec_ev_target', 'State'), ('prospect_horizontal_0_ec_ev_source', 'Employer'))": 0.9079385445812423,
    "(('prospect_horizontal_0_ec_ev_source', 'State'), ('prospect_horizontal_0_ec_ev_target', 'Employer'))": 0.9033510973765251,
    "(('prospect_horizontal_0_ec_ev_target', 'State'), ('prospect_horizontal_0_ec_ev_source', 'LastName'))": 0.9005976538242902,
    "(('prospect_horizontal_0_ec_ev_target', 'State'), ('prospect_horizontal_0_ec_ev_source', 'FirstName'))": 0.8868068367376495,
    "(('prospect_horizontal_0_ec_ev_source', 'MiddleInitial'), ('prospect_horizontal_0_ec_ev_target', 'MaritalStatus'))": 0.8824280076082336,
    "(('prospect_horizontal_0_ec_ev_source', 'MaritalStatus'), ('prospect_horizontal_0_ec_ev_target', 'OwnOrRentFlag'))": 0.8820831389325645,
    "(('prospect_horizontal_0_ec_ev_source', 'MiddleInitial'), ('prospect_horizontal_0_ec_ev_target', 'Gender'))": 0.840805264069153,
    "(('prospect_horizontal_0_ec_ev_source', 'MiddleInitial'), ('prospect_horizontal_0_ec_ev_target', 'OwnOrRentFlag'))": 0.8321139449054722,
    "(('prospect_horizontal_0_ec_ev_target', 'MaritalStatus'), ('prospect_horizontal_0_ec_ev_source', 'OwnOrRentFlag'))": 0.825449873868201,
    "(('prospect_horizontal_0_ec_ev_target', 'MiddleInitial'), ('prospect_horizontal_0_ec_ev_source', 'OwnOrRentFlag'))": 0.8227015345141383,
    "(('prospect_horizontal_0_ec_ev_source', 'Gender'), ('prospect_horizontal_0_ec_ev_target', 'MiddleInitial'))": 0.7783962746713553,
    "(('prospect_horizontal_0_ec_ev_source', 'MaritalStatus'), ('prospect_horizontal_0_ec_ev_target', 'MiddleInitial'))": 0.7353255617808151,
    "(('prospect_horizontal_0_ec_ev_source', 'MaritalStatus'), ('prospect_horizontal_0_ec_ev_target', 'Gender'))": 0.7218316027081203,
    "(('prospect_horizontal_0_ec_ev_source', 'Gender'), ('prospect_horizontal_0_ec_ev_target', 'MaritalStatus'))": 0.711558302836756,
    "(('prospect_horizontal_0_ec_ev_target', 'Gender'), ('prospect_horizontal_0_ec_ev_source', 'OwnOrRentFlag'))": 0.6558790392596218,
    "(('prospect_horizontal_0_ec_ev_source', 'Gender'), ('prospect_horizontal_0_ec_ev_target', 'OwnOrRentFlag'))": 0.6445998381837176
  },
  "metrics": {
    "precision": 1.0,
    "recall": 0.5909090909090909,
    "f1_score": 0.7428571428571429,
    "precision_at_10_percent": 0.8,
    "precision_at_20_percent": 0.7777777777777778,
    "precision_at_30_percent": 0.8461538461538461,
    "precision_at_40_percent": 0.8823529411764706,
    "precision_at_50_percent": 0.7142857142857143,
    "precision_at_60_percent": 0.6,
    "precision_at_70_percent": 0.5172413793103449,
    "precision_at_80_percent": 0.45454545454545453,
    "precision_at_90_percent": 0.40540540540540543,
    "recall_at_sizeof_ground_truth": 0.6818181818181818
  },
  "run_times": {
    "total_time": 68.95453219299998,
    "algorithm_time": 68.53588850800043
  }
}