{
  "name": "prospect_both_0_1_ac1_av__CorrelationClustering{'threshold1': 0.5, 'threshold2': 0.5, 'quantiles': 256, 'process_num': 4, 'chunk_size': 1, 'clear_cache': True}",
  "matches": {
    "(('prospect_both_0_1_ac1_av_source', 'FirstName'), ('prospect_both_0_1_ac1_av_target', 'prospect_Employer'))": 0.9626986499719054,
    "(('prospect_both_0_1_ac1_av_source', 'City'), ('prospect_both_0_1_ac1_av_target', 'prospect_Employer'))": 0.953118832780242,
    "(('prospect_both_0_1_ac1_av_source', 'LastName'), ('prospect_both_0_1_ac1_av_target', 'prospect_Employer'))": 0.9504328231366451,
    "(('prospect_both_0_1_ac1_av_source', 'State'), ('prospect_both_0_1_ac1_av_target', 'prospect_Employer'))": 0.9033510973765251,
    "(('prospect_both_0_1_ac1_av_source', 'MiddleInitial'), ('prospect_both_0_1_ac1_av_target', 'prospect_MaritalStatus'))": 0.8824280076082336,
    "(('prospect_both_0_1_ac1_av_source', 'MiddleInitial'), ('prospect_both_0_1_ac1_av_target', 'prospect_OwnOrRentFlag'))": 0.8321139449054722,
    "(('prospect_both_0_1_ac1_av_source', 'Gender'), ('prospect_both_0_1_ac1_av_target', 'prospect_MaritalStatus'))": 0.711558302836756,
    "(('prospect_both_0_1_ac1_av_source', 'Gender'), ('prospect_both_0_1_ac1_av_target', 'prospect_OwnOrRentFlag'))": 0.6445998381837176
  },
  "metrics": {
    "precision": 0.0,
    "recall": 0.0,
    "f1_score": 0,
    "precision_at_10_percent": 0.0,
    "precision_at_20_percent": 0.0,
    "precision_at_30_percent": 0.0,
    "precision_at_40_percent": 0.0,
    "precision_at_50_percent": 0.0,
    "precision_at_60_percent": 0.0,
    "precision_at_70_percent": 0.0,
    "precision_at_80_percent": 0.0,
    "precision_at_90_percent": 0.0,
    "recall_at_sizeof_ground_truth": 0.0
  },
  "run_times": {
    "total_time": 50.39007326299907,
    "algorithm_time": 49.586185961998126
  }
}