{
  "name": "prospect_vertical_70_ec_av__CorrelationClustering{'threshold1': 0.4, 'threshold2': 0.4, 'quantiles': 256, 'process_num': 4, 'chunk_size': 1, 'clear_cache': True}",
  "matches": {
    "(('prospect_vertical_70_ec_av_target', 'MiddleInitial'), ('prospect_vertical_70_ec_av_source', 'MiddleInitial'))": 1.0,
    "(('prospect_vertical_70_ec_av_target', 'OwnOrRentFlag'), ('prospect_vertical_70_ec_av_source', 'OwnOrRentFlag'))": 1.0,
    "(('prospect_vertical_70_ec_av_target', 'Gender'), ('prospect_vertical_70_ec_av_source', 'Gender'))": 0.9998151864523416,
    "(('prospect_vertical_70_ec_av_source', 'NumberCars'), ('prospect_vertical_70_ec_av_target', 'NumberChildren'))": 0.9959956011031521,
    "(('prospect_vertical_70_ec_av_target', 'PostalCode'), ('prospect_vertical_70_ec_av_source', 'PostalCode'))": 0.992680435249102,
    "(('prospect_vertical_70_ec_av_source', 'City'), ('prospect_vertical_70_ec_av_target', 'City'))": 0.9891323354347605,
    "(('prospect_vertical_70_ec_av_source', 'Employer'), ('prospect_vertical_70_ec_av_target', 'Employer'))": 0.9800598688185318,
    "(('prospect_vertical_70_ec_av_target', 'AgencyID'), ('prospect_vertical_70_ec_av_source', 'AgencyID'))": 0.9797347861465738,
    "(('prospect_vertical_70_ec_av_source', 'City'), ('prospect_vertical_70_ec_av_target', 'FirstName'))": 0.9777908597433158,
    "(('prospect_vertical_70_ec_av_target', 'FirstName'), ('prospect_vertical_70_ec_av_source', 'FirstName'))": 0.9775235951812036,
    "(('prospect_vertical_70_ec_av_target', 'LastName'), ('prospect_vertical_70_ec_av_source', 'LastName'))": 0.9759517046233167,
    "(('prospect_vertical_70_ec_av_target', 'FirstName'), ('prospect_vertical_70_ec_av_source', 'LastName'))": 0.9741654788141603,
    "(('prospect_vertical_70_ec_av_target', 'LastName'), ('prospect_vertical_70_ec_av_source', 'FirstName'))": 0.973874590920986,
    "(('prospect_vertical_70_ec_av_source', 'City'), ('prospect_vertical_70_ec_av_target', 'LastName'))": 0.9699524974046294,
    "(('prospect_vertical_70_ec_av_source', 'Employer'), ('prospect_vertical_70_ec_av_target', 'City'))": 0.9691994008510402,
    "(('prospect_vertical_70_ec_av_source', 'Employer'), ('prospect_vertical_70_ec_av_target', 'FirstName'))": 0.9578191543626654,
    "(('prospect_vertical_70_ec_av_target', 'Employer'), ('prospect_vertical_70_ec_av_source', 'City'))": 0.952405554648211,
    "(('prospect_vertical_70_ec_av_source', 'Employer'), ('prospect_vertical_70_ec_av_target', 'LastName'))": 0.949027039340967,
    "(('prospect_vertical_70_ec_av_source', 'State'), ('prospect_vertical_70_ec_av_target', 'City'))": 0.9356639044761771,
    "(('prospect_vertical_70_ec_av_target', 'Employer'), ('prospect_vertical_70_ec_av_source', 'FirstName'))": 0.9288167985975854,
    "(('prospect_vertical_70_ec_av_target', 'City'), ('prospect_vertical_70_ec_av_source', 'FirstName'))": 0.9284432080614199,
    "(('prospect_vertical_70_ec_av_target', 'City'), ('prospect_vertical_70_ec_av_source', 'LastName'))": 0.9277628874467152,
    "(('prospect_vertical_70_ec_av_target', 'Employer'), ('prospect_vertical_70_ec_av_source', 'LastName'))": 0.9214886090020802,
    "(('prospect_vertical_70_ec_av_source', 'State'), ('prospect_vertical_70_ec_av_target', 'Employer'))": 0.9058588257090651,
    "(('prospect_vertical_70_ec_av_source', 'State'), ('prospect_vertical_70_ec_av_target', 'LastName'))": 0.8850547979487198,
    "(('prospect_vertical_70_ec_av_source', 'MiddleInitial'), ('prospect_vertical_70_ec_av_target', 'MaritalStatus'))": 0.8831117572558426,
    "(('prospect_vertical_70_ec_av_source', 'State'), ('prospect_vertical_70_ec_av_target', 'FirstName'))": 0.8793463868028906,
    "(('prospect_vertical_70_ec_av_target', 'MiddleInitial'), ('prospect_vertical_70_ec_av_source', 'Gender'))": 0.8429234050182995,
    "(('prospect_vertical_70_ec_av_source', 'Income'), ('prospect_vertical_70_ec_av_target', 'Income'))": 0.8421643610019363,
    "(('prospect_vertical_70_ec_av_target', 'MiddleInitial'), ('prospect_vertical_70_ec_av_source', 'OwnOrRentFlag'))": 0.8220859057558055,
    "(('prospect_vertical_70_ec_av_target', 'NumberCreditCards'), ('prospect_vertical_70_ec_av_source', 'NumberCreditCards'))": 0.8098697175741876,
    "(('prospect_vertical_70_ec_av_target', 'Gender'), ('prospect_vertical_70_ec_av_source', 'MiddleInitial'))": 0.7738726552126324,
    "(('prospect_vertical_70_ec_av_source', 'Gender'), ('prospect_vertical_70_ec_av_target', 'MaritalStatus'))": 0.711212434736253,
    "(('prospect_vertical_70_ec_av_target', 'Gender'), ('prospect_vertical_70_ec_av_source', 'OwnOrRentFlag'))": 0.6443473044895983,
    "(('prospect_vertical_70_ec_av_source', 'OwnOrRentFlag'), ('prospect_vertical_70_ec_av_target', 'MaritalStatus'))": 0.5991786228587888,
    "(('prospect_vertical_70_ec_av_target', 'OwnOrRentFlag'), ('prospect_vertical_70_ec_av_source', 'MiddleInitial'))": 0.5715684232624882,
    "(('prospect_vertical_70_ec_av_target', 'OwnOrRentFlag'), ('prospect_vertical_70_ec_av_source', 'Gender'))": 0.5021843551046309
  },
  "metrics": {
    "precision": 0.9166666666666666,
    "recall": 0.7333333333333333,
    "f1_score": 0.8148148148148148,
    "precision_at_10_percent": 0.75,
    "precision_at_20_percent": 0.875,
    "precision_at_30_percent": 0.75,
    "precision_at_40_percent": 0.6,
    "precision_at_50_percent": 0.47368421052631576,
    "precision_at_60_percent": 0.391304347826087,
    "precision_at_70_percent": 0.34615384615384615,
    "precision_at_80_percent": 0.3333333333333333,
    "precision_at_90_percent": 0.3235294117647059,
    "recall_at_sizeof_ground_truth": 0.6
  },
  "run_times": {
    "total_time": 93.58722311399833,
    "algorithm_time": 92.94442378500025
  }
}