{
  "name": "prospect_vertical_50_ac5_ev__CorrelationClustering{'threshold1': 0.2, 'threshold2': 0.2, 'quantiles': 256, 'process_num': 4, 'chunk_size': 1, 'clear_cache': True}",
  "matches": {
    "(('prospect_vertical_50_ac5_ev_target', 'prospect_gncd'), ('prospect_vertical_50_ac5_ev_source', 'AgencyID'))": 1.0,
    "(('prospect_vertical_50_ac5_ev_source', 'NumberCars'), ('prospect_vertical_50_ac5_ev_target', 'prospect_nmbrcrs'))": 1.0,
    "(('prospect_vertical_50_ac5_ev_target', 'prospect_ddrssln2'), ('prospect_vertical_50_ac5_ev_source', 'AddressLine2'))": 1.0,
    "(('prospect_vertical_50_ac5_ev_source', 'Income'), ('prospect_vertical_50_ac5_ev_target', 'prospect_ncm'))": 1.0,
    "(('prospect_vertical_50_ac5_ev_source', 'Age'), ('prospect_vertical_50_ac5_ev_target', 'prospect_g'))": 1.0,
    "(('prospect_vertical_50_ac5_ev_target', 'prospect_ct'), ('prospect_vertical_50_ac5_ev_source', 'City'))": 1.0,
    "(('prospect_vertical_50_ac5_ev_target', 'prospect_cntr'), ('prospect_vertical_50_ac5_ev_source', 'Country'))": 1.0,
    "(('prospect_vertical_50_ac5_ev_source', 'NumberCreditCards'), ('prospect_vertical_50_ac5_ev_target', 'prospect_nmbrcrdtcrds'))": 1.0,
    "(('prospect_vertical_50_ac5_ev_source', 'CreditRating'), ('prospect_vertical_50_ac5_ev_target', 'prospect_crdtrtng'))": 1.0,
    "(('prospect_vertical_50_ac5_ev_target', 'prospect_ntwrth'), ('prospect_vertical_50_ac5_ev_source', 'NetWorth'))": 1.0,
    "(('prospect_vertical_50_ac5_ev_target', 'prospect_phn'), ('prospect_vertical_50_ac5_ev_source', 'Phone'))": 1.0,
    "(('prospect_vertical_50_ac5_ev_source', 'NumberCars'), ('prospect_vertical_50_ac5_ev_target', 'prospect_nmbrchldrn'))": 0.9959956011031521,
    "(('prospect_vertical_50_ac5_ev_source', 'LastName'), ('prospect_vertical_50_ac5_ev_target', 'prospect_ct'))": 0.9596518212426488,
    "(('prospect_vertical_50_ac5_ev_source', 'City'), ('prospect_vertical_50_ac5_ev_target', 'prospect_mplr'))": 0.9563748157950982,
    "(('prospect_vertical_50_ac5_ev_target', 'prospect_ct'), ('prospect_vertical_50_ac5_ev_source', 'FirstName'))": 0.9463578501341656,
    "(('prospect_vertical_50_ac5_ev_source', 'LastName'), ('prospect_vertical_50_ac5_ev_target', 'prospect_stt'))": 0.9402481459554543,
    "(('prospect_vertical_50_ac5_ev_source', 'FirstName'), ('prospect_vertical_50_ac5_ev_target', 'prospect_mplr'))": 0.938403793209503,
    "(('prospect_vertical_50_ac5_ev_target', 'prospect_stt'), ('prospect_vertical_50_ac5_ev_source', 'City'))": 0.9356639044761771,
    "(('prospect_vertical_50_ac5_ev_source', 'LastName'), ('prospect_vertical_50_ac5_ev_target', 'prospect_mplr'))": 0.9295413620222012,
    "(('prospect_vertical_50_ac5_ev_target', 'prospect_stt'), ('prospect_vertical_50_ac5_ev_source', 'FirstName'))": 0.8793462810634787,
    "(('prospect_vertical_50_ac5_ev_target', 'prospect_mrtlstts'), ('prospect_vertical_50_ac5_ev_source', 'MiddleInitial'))": 0.7762748398730287
  },
  "metrics": {
    "precision": 0.8461538461538461,
    "recall": 1.0,
    "f1_score": 0.9166666666666666,
    "precision_at_10_percent": 1.0,
    "precision_at_20_percent": 1.0,
    "precision_at_30_percent": 1.0,
    "precision_at_40_percent": 1.0,
    "precision_at_50_percent": 1.0,
    "precision_at_60_percent": 0.8461538461538461,
    "precision_at_70_percent": 0.7333333333333333,
    "precision_at_80_percent": 0.6470588235294118,
    "precision_at_90_percent": 0.5789473684210527,
    "recall_at_sizeof_ground_truth": 1.0
  },
  "run_times": {
    "total_time": 79.27978736100158,
    "algorithm_time": 78.71704231700096
  }
}