{
  "name": "prospect_vertical_70_ac2_av__CorrelationClustering{'threshold1': 0.15, 'threshold2': 0.2, 'quantiles': 256, 'process_num': 4, 'chunk_size': 1, 'clear_cache': True}",
  "matches": {
    "(('prospect_vertical_70_ac2_av_target', 'OORF'), ('prospect_vertical_70_ac2_av_source', 'OwnOrRentFlag'))": 1.0,
    "(('prospect_vertical_70_ac2_av_source', 'State'), ('prospect_vertical_70_ac2_av_target', 'Sta'))": 0.9953281939580769,
    "(('prospect_vertical_70_ac2_av_source', 'AgencyID'), ('prospect_vertical_70_ac2_av_target', 'AgeID'))": 0.9930347849754577,
    "(('prospect_vertical_70_ac2_av_target', 'FirN'), ('prospect_vertical_70_ac2_av_source', 'LastName'))": 0.9898975236863118,
    "(('prospect_vertical_70_ac2_av_target', 'FirN'), ('prospect_vertical_70_ac2_av_source', 'FirstName'))": 0.976533506594583,
    "(('prospect_vertical_70_ac2_av_target', 'C'), ('prospect_vertical_70_ac2_av_source', 'City'))": 0.9686483214413742,
    "(('prospect_vertical_70_ac2_av_target', 'FirN'), ('prospect_vertical_70_ac2_av_source', 'City'))": 0.9620278816259826,
    "(('prospect_vertical_70_ac2_av_source', 'LastName'), ('prospect_vertical_70_ac2_av_target', 'C'))": 0.9596518212426488,
    "(('prospect_vertical_70_ac2_av_source', 'NumberCreditCards'), ('prospect_vertical_70_ac2_av_target', 'NumC'))": 0.9571413538342614,
    "(('prospect_vertical_70_ac2_av_source', 'State'), ('prospect_vertical_70_ac2_av_target', 'C'))": 0.9429955968596629,
    "(('prospect_vertical_70_ac2_av_source', 'State'), ('prospect_vertical_70_ac2_av_target', 'FirN'))": 0.942621515020495,
    "(('prospect_vertical_70_ac2_av_source', 'LastName'), ('prospect_vertical_70_ac2_av_target', 'Sta'))": 0.9402481459554543,
    "(('prospect_vertical_70_ac2_av_target', 'C'), ('prospect_vertical_70_ac2_av_source', 'FirstName'))": 0.92864702514809,
    "(('prospect_vertical_70_ac2_av_target', 'NumChi'), ('prospect_vertical_70_ac2_av_source', 'NumberCreditCards'))": 0.92451737460635,
    "(('prospect_vertical_70_ac2_av_source', 'NumberCars'), ('prospect_vertical_70_ac2_av_target', 'NumChi'))": 0.9129287771171922,
    "(('prospect_vertical_70_ac2_av_target', 'Sta'), ('prospect_vertical_70_ac2_av_source', 'City'))": 0.9118715272991533,
    "(('prospect_vertical_70_ac2_av_source', 'NumberCars'), ('prospect_vertical_70_ac2_av_target', 'NumC'))": 0.9108585026896762,
    "(('prospect_vertical_70_ac2_av_source', 'MiddleInitial'), ('prospect_vertical_70_ac2_av_target', 'MaSt'))": 0.8831117572558426,
    "(('prospect_vertical_70_ac2_av_source', 'NumberChildren'), ('prospect_vertical_70_ac2_av_target', 'NumCrCa'))": 0.8825131540304337,
    "(('prospect_vertical_70_ac2_av_target', 'Sta'), ('prospect_vertical_70_ac2_av_source', 'FirstName'))": 0.8626422564040381,
    "(('prospect_vertical_70_ac2_av_target', 'Ag'), ('prospect_vertical_70_ac2_av_source', 'Age'))": 0.8335920864165368
  },
  "metrics": {
    "precision": 0.6666666666666666,
    "recall": 0.26666666666666666,
    "f1_score": 0.3809523809523809,
    "precision_at_10_percent": 1.0,
    "precision_at_20_percent": 0.8,
    "precision_at_30_percent": 0.7142857142857143,
    "precision_at_40_percent": 0.5555555555555556,
    "precision_at_50_percent": 0.45454545454545453,
    "precision_at_60_percent": 0.38461538461538464,
    "precision_at_70_percent": 0.3333333333333333,
    "precision_at_80_percent": 0.35294117647058826,
    "precision_at_90_percent": 0.3157894736842105,
    "recall_at_sizeof_ground_truth": 0.3333333333333333
  },
  "run_times": {
    "total_time": 136.54916270899957,
    "algorithm_time": 134.83596868199947
  }
}