{
  "name": "prospect_both_50_50_ac5_av__CorrelationClustering{'threshold1': 0.3, 'threshold2': 0.4, 'quantiles': 256, 'process_num': 4, 'chunk_size': 1, 'clear_cache': True}",
  "matches": {
    "(('prospect_both_50_50_ac5_av_source', 'MiddleInitial'), ('prospect_both_50_50_ac5_av_target', 'prospect_mddlntl'))": 0.9920449379057182,
    "(('prospect_both_50_50_ac5_av_source', 'City'), ('prospect_both_50_50_ac5_av_target', 'prospect_ct'))": 0.9878814374906393,
    "(('prospect_both_50_50_ac5_av_target', 'prospect_frstnm'), ('prospect_both_50_50_ac5_av_source', 'LastName'))": 0.9818427789457704,
    "(('prospect_both_50_50_ac5_av_source', 'LastName'), ('prospect_both_50_50_ac5_av_target', 'prospect_ct'))": 0.9804723041498958,
    "(('prospect_both_50_50_ac5_av_target', 'prospect_gncd'), ('prospect_both_50_50_ac5_av_source', 'AgencyID'))": 0.9657817991892298,
    "(('prospect_both_50_50_ac5_av_target', 'prospect_frstnm'), ('prospect_both_50_50_ac5_av_source', 'City'))": 0.9630638165990749,
    "(('prospect_both_50_50_ac5_av_target', 'prospect_frstnm'), ('prospect_both_50_50_ac5_av_source', 'FirstName'))": 0.9627209868900384,
    "(('prospect_both_50_50_ac5_av_source', 'City'), ('prospect_both_50_50_ac5_av_target', 'prospect_mplr'))": 0.9571374158346198,
    "(('prospect_both_50_50_ac5_av_source', 'FirstName'), ('prospect_both_50_50_ac5_av_target', 'prospect_mplr'))": 0.9564196321379425,
    "(('prospect_both_50_50_ac5_av_source', 'LastName'), ('prospect_both_50_50_ac5_av_target', 'prospect_mplr'))": 0.9521507859761532,
    "(('prospect_both_50_50_ac5_av_source', 'NumberCreditCards'), ('prospect_both_50_50_ac5_av_target', 'prospect_nmbrcrdtcrds'))": 0.9464372506397576,
    "(('prospect_both_50_50_ac5_av_target', 'prospect_ct'), ('prospect_both_50_50_ac5_av_source', 'State'))": 0.9413771756509506,
    "(('prospect_both_50_50_ac5_av_target', 'prospect_ct'), ('prospect_both_50_50_ac5_av_source', 'FirstName'))": 0.9391121982515063,
    "(('prospect_both_50_50_ac5_av_target', 'prospect_frstnm'), ('prospect_both_50_50_ac5_av_source', 'State'))": 0.9388917746401122,
    "(('prospect_both_50_50_ac5_av_target', 'prospect_g'), ('prospect_both_50_50_ac5_av_source', 'Age'))": 0.9139186114152065,
    "(('prospect_both_50_50_ac5_av_source', 'State'), ('prospect_both_50_50_ac5_av_target', 'prospect_mplr'))": 0.9043063260584114,
    "(('prospect_both_50_50_ac5_av_target', 'prospect_pstlcd'), ('prospect_both_50_50_ac5_av_source', 'PostalCode'))": 0.904296985117414,
    "(('prospect_both_50_50_ac5_av_target', 'prospect_pstlcd'), ('prospect_both_50_50_ac5_av_source', 'State'))": 0.8784169709877493,
    "(('prospect_both_50_50_ac5_av_target', 'prospect_pstlcd'), ('prospect_both_50_50_ac5_av_source', 'LastName'))": 0.8620323335020685,
    "(('prospect_both_50_50_ac5_av_target', 'prospect_pstlcd'), ('prospect_both_50_50_ac5_av_source', 'FirstName'))": 0.8613938038286146,
    "(('prospect_both_50_50_ac5_av_target', 'prospect_pstlcd'), ('prospect_both_50_50_ac5_av_source', 'City'))": 0.8596525270863584,
    "(('prospect_both_50_50_ac5_av_target', 'prospect_nmbrcrs'), ('prospect_both_50_50_ac5_av_source', 'NumberCars'))": 0.85929008501491,
    "(('prospect_both_50_50_ac5_av_source', 'NumberCreditCards'), ('prospect_both_50_50_ac5_av_target', 'prospect_nmbrcrs'))": 0.8154740628368659,
    "(('prospect_both_50_50_ac5_av_source', 'NumberCreditCards'), ('prospect_both_50_50_ac5_av_target', 'prospect_nmbrchldrn'))": 0.8133834851349994,
    "(('prospect_both_50_50_ac5_av_source', 'NumberCars'), ('prospect_both_50_50_ac5_av_target', 'prospect_nmbrchldrn'))": 0.8081864143864448,
    "(('prospect_both_50_50_ac5_av_source', 'PostalCode'), ('prospect_both_50_50_ac5_av_target', 'prospect_mplr'))": 0.7801044452135362,
    "(('prospect_both_50_50_ac5_av_target', 'prospect_mrtlstts'), ('prospect_both_50_50_ac5_av_source', 'MiddleInitial'))": 0.7765850420386672,
    "(('prospect_both_50_50_ac5_av_source', 'Gender'), ('prospect_both_50_50_ac5_av_target', 'prospect_mddlntl'))": 0.7760082577935777,
    "(('prospect_both_50_50_ac5_av_target', 'prospect_nmbrcrdtcrds'), ('prospect_both_50_50_ac5_av_source', 'NumberCars'))": 0.7567560092373045,
    "(('prospect_both_50_50_ac5_av_target', 'prospect_mrtlstts'), ('prospect_both_50_50_ac5_av_source', 'Gender'))": 0.7543681390664133,
    "(('prospect_both_50_50_ac5_av_target', 'prospect_frstnm'), ('prospect_both_50_50_ac5_av_source', 'PostalCode'))": 0.7054029728992052,
    "(('prospect_both_50_50_ac5_av_target', 'prospect_ct'), ('prospect_both_50_50_ac5_av_source', 'PostalCode'))": 0.6953373207360085,
    "(('prospect_both_50_50_ac5_av_target', 'prospect_wnrrntflg'), ('prospect_both_50_50_ac5_av_source', 'MiddleInitial'))": 0.5757761462868134,
    "(('prospect_both_50_50_ac5_av_target', 'prospect_wnrrntflg'), ('prospect_both_50_50_ac5_av_source', 'Gender'))": 0.5023613089702023
  },
  "metrics": {
    "precision": 0.7777777777777778,
    "recall": 0.6363636363636364,
    "f1_score": 0.7000000000000001,
    "precision_at_10_percent": 0.5,
    "precision_at_20_percent": 0.5714285714285714,
    "precision_at_30_percent": 0.45454545454545453,
    "precision_at_40_percent": 0.35714285714285715,
    "precision_at_50_percent": 0.4117647058823529,
    "precision_at_60_percent": 0.3333333333333333,
    "precision_at_70_percent": 0.3333333333333333,
    "precision_at_80_percent": 0.2857142857142857,
    "precision_at_90_percent": 0.25806451612903225,
    "recall_at_sizeof_ground_truth": 0.45454545454545453
  },
  "run_times": {
    "total_time": 107.6995918390021,
    "algorithm_time": 106.7798706700014
  }
}