{
  "name": "prospect_both_50_70_ac3_av__CorrelationClustering{'threshold1': 0.4, 'threshold2': 0.4, 'quantiles': 256, 'process_num': 4, 'chunk_size': 1, 'clear_cache': True}",
  "matches": {
    "(('prospect_both_50_70_ac3_av_target', 'wnrrntflg'), ('prospect_both_50_70_ac3_av_source', 'OwnOrRentFlag'))": 0.9988285632060875,
    "(('prospect_both_50_70_ac3_av_source', 'Gender'), ('prospect_both_50_70_ac3_av_target', 'gndr'))": 0.99763685054127,
    "(('prospect_both_50_70_ac3_av_target', 'mddlntl'), ('prospect_both_50_70_ac3_av_source', 'MiddleInitial'))": 0.9916642818859448,
    "(('prospect_both_50_70_ac3_av_source', 'LastName'), ('prospect_both_50_70_ac3_av_target', 'frstnm'))": 0.990035639391392,
    "(('prospect_both_50_70_ac3_av_source', 'AgencyID'), ('prospect_both_50_70_ac3_av_target', 'gncd'))": 0.9825805210231323,
    "(('prospect_both_50_70_ac3_av_target', 'ct'), ('prospect_both_50_70_ac3_av_source', 'City'))": 0.971819347254496,
    "(('prospect_both_50_70_ac3_av_target', 'lstnm'), ('prospect_both_50_70_ac3_av_source', 'LastName'))": 0.9671856686542231,
    "(('prospect_both_50_70_ac3_av_target', 'frstnm'), ('prospect_both_50_70_ac3_av_source', 'City'))": 0.9644066536497554,
    "(('prospect_both_50_70_ac3_av_target', 'frstnm'), ('prospect_both_50_70_ac3_av_source', 'FirstName'))": 0.9629406585914919,
    "(('prospect_both_50_70_ac3_av_target', 'lstnm'), ('prospect_both_50_70_ac3_av_source', 'City'))": 0.9596581516001442,
    "(('prospect_both_50_70_ac3_av_target', 'lstnm'), ('prospect_both_50_70_ac3_av_source', 'FirstName'))": 0.9541751911647814,
    "(('prospect_both_50_70_ac3_av_target', 'mplr'), ('prospect_both_50_70_ac3_av_source', 'FirstName'))": 0.9514190105954946,
    "(('prospect_both_50_70_ac3_av_target', 'mplr'), ('prospect_both_50_70_ac3_av_source', 'City'))": 0.9502478447182567,
    "(('prospect_both_50_70_ac3_av_target', 'ct'), ('prospect_both_50_70_ac3_av_source', 'LastName'))": 0.9464907766435875,
    "(('prospect_both_50_70_ac3_av_target', 'mplr'), ('prospect_both_50_70_ac3_av_source', 'LastName'))": 0.942124656640513,
    "(('prospect_both_50_70_ac3_av_target', 'ct'), ('prospect_both_50_70_ac3_av_source', 'FirstName'))": 0.9420014663806288,
    "(('prospect_both_50_70_ac3_av_target', 'ct'), ('prospect_both_50_70_ac3_av_source', 'State'))": 0.9413771756509506,
    "(('prospect_both_50_70_ac3_av_target', 'lstnm'), ('prospect_both_50_70_ac3_av_source', 'State'))": 0.939342252171525,
    "(('prospect_both_50_70_ac3_av_source', 'Age'), ('prospect_both_50_70_ac3_av_target', 'g'))": 0.9267722970702379,
    "(('prospect_both_50_70_ac3_av_target', 'mplr'), ('prospect_both_50_70_ac3_av_source', 'State'))": 0.9239947772887186,
    "(('prospect_both_50_70_ac3_av_target', 'pstlcd'), ('prospect_both_50_70_ac3_av_source', 'PostalCode'))": 0.905103978049991,
    "(('prospect_both_50_70_ac3_av_source', 'NumberCreditCards'), ('prospect_both_50_70_ac3_av_target', 'nmbrcrdtcrds'))": 0.8855192964577602,
    "(('prospect_both_50_70_ac3_av_source', 'MiddleInitial'), ('prospect_both_50_70_ac3_av_target', 'mrtlstts'))": 0.8821150626686906,
    "(('prospect_both_50_70_ac3_av_target', 'nmbrcrs'), ('prospect_both_50_70_ac3_av_source', 'NumberCars'))": 0.880693807366706,
    "(('prospect_both_50_70_ac3_av_source', 'State'), ('prospect_both_50_70_ac3_av_target', 'frstnm'))": 0.8798280763174977,
    "(('prospect_both_50_70_ac3_av_source', 'NetWorth'), ('prospect_both_50_70_ac3_av_target', 'ntwrth'))": 0.8740733252273581,
    "(('prospect_both_50_70_ac3_av_source', 'NumberCars'), ('prospect_both_50_70_ac3_av_target', 'nmbrchldrn'))": 0.845499094510918,
    "(('prospect_both_50_70_ac3_av_target', 'mddlntl'), ('prospect_both_50_70_ac3_av_source', 'Gender'))": 0.8444206722804475,
    "(('prospect_both_50_70_ac3_av_source', 'MiddleInitial'), ('prospect_both_50_70_ac3_av_target', 'gndr'))": 0.8410997452591684,
    "(('prospect_both_50_70_ac3_av_source', 'MiddleInitial'), ('prospect_both_50_70_ac3_av_target', 'wnrrntflg'))": 0.8318747851317079,
    "(('prospect_both_50_70_ac3_av_target', 'mrtlstts'), ('prospect_both_50_70_ac3_av_source', 'OwnOrRentFlag'))": 0.8263228564186852,
    "(('prospect_both_50_70_ac3_av_target', 'mddlntl'), ('prospect_both_50_70_ac3_av_source', 'OwnOrRentFlag'))": 0.8215062597780274,
    "(('prospect_both_50_70_ac3_av_target', 'crdtrtng'), ('prospect_both_50_70_ac3_av_source', 'CreditRating'))": 0.7880300919105848,
    "(('prospect_both_50_70_ac3_av_source', 'Gender'), ('prospect_both_50_70_ac3_av_target', 'mrtlstts'))": 0.7113432145544621,
    "(('prospect_both_50_70_ac3_av_source', 'Gender'), ('prospect_both_50_70_ac3_av_target', 'wnrrntflg'))": 0.6446541919411605,
    "(('prospect_both_50_70_ac3_av_source', 'OwnOrRentFlag'), ('prospect_both_50_70_ac3_av_target', 'gndr'))": 0.5020796728891225
  },
  "metrics": {
    "precision": 0.7692307692307693,
    "recall": 0.6666666666666666,
    "f1_score": 0.7142857142857142,
    "precision_at_10_percent": 0.75,
    "precision_at_20_percent": 0.75,
    "precision_at_30_percent": 0.6363636363636364,
    "precision_at_40_percent": 0.4666666666666667,
    "precision_at_50_percent": 0.3888888888888889,
    "precision_at_60_percent": 0.45454545454545453,
    "precision_at_70_percent": 0.46153846153846156,
    "precision_at_80_percent": 0.41379310344827586,
    "precision_at_90_percent": 0.3939393939393939,
    "recall_at_sizeof_ground_truth": 0.4666666666666667
  },
  "run_times": {
    "total_time": 120.00441503399998,
    "algorithm_time": 118.63396372399802
  }
}