{
  "name": "prospect_both_0_1_ac3_ev__CorrelationClustering{'threshold1': 0.3, 'threshold2': 0.5, 'quantiles': 256, 'process_num': 4, 'chunk_size': 1, 'clear_cache': True}",
  "matches": {
    "(('prospect_both_0_1_ac3_ev_target', 'mplr'), ('prospect_both_0_1_ac3_ev_source', 'FirstName'))": 0.9633853809972764,
    "(('prospect_both_0_1_ac3_ev_target', 'mplr'), ('prospect_both_0_1_ac3_ev_source', 'City'))": 0.9597631450344032,
    "(('prospect_both_0_1_ac3_ev_target', 'mplr'), ('prospect_both_0_1_ac3_ev_source', 'LastName'))": 0.9515144984335371,
    "(('prospect_both_0_1_ac3_ev_target', 'mplr'), ('prospect_both_0_1_ac3_ev_source', 'State'))": 0.9225641046175579,
    "(('prospect_both_0_1_ac3_ev_source', 'MiddleInitial'), ('prospect_both_0_1_ac3_ev_target', 'mrtlstts'))": 0.8824280076082336,
    "(('prospect_both_0_1_ac3_ev_source', 'MiddleInitial'), ('prospect_both_0_1_ac3_ev_target', 'wnrrntflg'))": 0.8321139449054722,
    "(('prospect_both_0_1_ac3_ev_source', 'Gender'), ('prospect_both_0_1_ac3_ev_target', 'mrtlstts'))": 0.711558302836756,
    "(('prospect_both_0_1_ac3_ev_source', 'Gender'), ('prospect_both_0_1_ac3_ev_target', 'wnrrntflg'))": 0.6445998381837176
  },
  "metrics": {
    "precision": 0.0,
    "recall": 0.0,
    "f1_score": 0,
    "precision_at_10_percent": 0.0,
    "precision_at_20_percent": 0.0,
    "precision_at_30_percent": 0.0,
    "precision_at_40_percent": 0.0,
    "precision_at_50_percent": 0.0,
    "precision_at_60_percent": 0.0,
    "precision_at_70_percent": 0.0,
    "precision_at_80_percent": 0.0,
    "precision_at_90_percent": 0.0,
    "recall_at_sizeof_ground_truth": 0.0
  },
  "run_times": {
    "total_time": 32.88342614800058,
    "algorithm_time": 32.68965280700104
  }
}