{
  "name": "prospect_both_50_50_ac2_av__CorrelationClustering{'threshold1': 0.3, 'threshold2': 0.5, 'quantiles': 256, 'process_num': 4, 'chunk_size': 1, 'clear_cache': True}",
  "matches": {
    "(('prospect_both_50_50_ac2_av_source', 'MaritalStatus'), ('prospect_both_50_50_ac2_av_target', 'MarSt'))": 0.9973130554176024,
    "(('prospect_both_50_50_ac2_av_source', 'LastName'), ('prospect_both_50_50_ac2_av_target', 'FirN'))": 0.9900084822886805,
    "(('prospect_both_50_50_ac2_av_source', 'City'), ('prospect_both_50_50_ac2_av_target', 'FirN'))": 0.9796368433764958,
    "(('prospect_both_50_50_ac2_av_source', 'FirstName'), ('prospect_both_50_50_ac2_av_target', 'FirN'))": 0.9769894199418448,
    "(('prospect_both_50_50_ac2_av_source', 'City'), ('prospect_both_50_50_ac2_av_target', 'LaNa'))": 0.9750616986474582,
    "(('prospect_both_50_50_ac2_av_target', 'AgID'), ('prospect_both_50_50_ac2_av_source', 'AgencyID'))": 0.9716931281915753,
    "(('prospect_both_50_50_ac2_av_source', 'FirstName'), ('prospect_both_50_50_ac2_av_target', 'LaNa'))": 0.9678893164669344,
    "(('prospect_both_50_50_ac2_av_target', 'LaNa'), ('prospect_both_50_50_ac2_av_source', 'LastName'))": 0.96655673179034,
    "(('prospect_both_50_50_ac2_av_target', 'C'), ('prospect_both_50_50_ac2_av_source', 'City'))": 0.9663494040864449,
    "(('prospect_both_50_50_ac2_av_source', 'FirstName'), ('prospect_both_50_50_ac2_av_target', 'Em'))": 0.9581933688698013,
    "(('prospect_both_50_50_ac2_av_source', 'City'), ('prospect_both_50_50_ac2_av_target', 'Em'))": 0.9530008681085264,
    "(('prospect_both_50_50_ac2_av_target', 'C'), ('prospect_both_50_50_ac2_av_source', 'LastName'))": 0.9455793713098588,
    "(('prospect_both_50_50_ac2_av_source', 'City'), ('prospect_both_50_50_ac2_av_target', 'Sta'))": 0.9444318742337814,
    "(('prospect_both_50_50_ac2_av_target', 'Em'), ('prospect_both_50_50_ac2_av_source', 'LastName'))": 0.942508045055345,
    "(('prospect_both_50_50_ac2_av_target', 'C'), ('prospect_both_50_50_ac2_av_source', 'FirstName'))": 0.9399804838831707,
    "(('prospect_both_50_50_ac2_av_source', 'LastName'), ('prospect_both_50_50_ac2_av_target', 'Sta'))": 0.9391289477902874,
    "(('prospect_both_50_50_ac2_av_source', 'FirstName'), ('prospect_both_50_50_ac2_av_target', 'Sta'))": 0.9358618193399963,
    "(('prospect_both_50_50_ac2_av_target', 'NumChi'), ('prospect_both_50_50_ac2_av_source', 'NumberCars'))": 0.9168880271861264,
    "(('prospect_both_50_50_ac2_av_target', 'NumC'), ('prospect_both_50_50_ac2_av_source', 'NumberCars'))": 0.9099273093984387,
    "(('prospect_both_50_50_ac2_av_target', 'A'), ('prospect_both_50_50_ac2_av_source', 'Age'))": 0.9012531169302059,
    "(('prospect_both_50_50_ac2_av_source', 'MiddleInitial'), ('prospect_both_50_50_ac2_av_target', 'MarSt'))": 0.8821150626686906,
    "(('prospect_both_50_50_ac2_av_source', 'MaritalStatus'), ('prospect_both_50_50_ac2_av_target', 'OwOReF'))": 0.8819833899339333,
    "(('prospect_both_50_50_ac2_av_source', 'NetWorth'), ('prospect_both_50_50_ac2_av_target', 'NWo'))": 0.8768101947621256,
    "(('prospect_both_50_50_ac2_av_source', 'NumberChildren'), ('prospect_both_50_50_ac2_av_target', 'NumChi'))": 0.8486914970892986,
    "(('prospect_both_50_50_ac2_av_source', 'NumberChildren'), ('prospect_both_50_50_ac2_av_target', 'NumC'))": 0.8470840894380878,
    "(('prospect_both_50_50_ac2_av_source', 'MiddleInitial'), ('prospect_both_50_50_ac2_av_target', 'OwOReF'))": 0.8318747851317079,
    "(('prospect_both_50_50_ac2_av_source', 'Income'), ('prospect_both_50_50_ac2_av_target', 'In'))": 0.8271032021770344,
    "(('prospect_both_50_50_ac2_av_target', 'MarSt'), ('prospect_both_50_50_ac2_av_source', 'Gender'))": 0.7543681390664133,
    "(('prospect_both_50_50_ac2_av_target', 'OwOReF'), ('prospect_both_50_50_ac2_av_source', 'Gender'))": 0.5023613089702023
  },
  "metrics": {
    "precision": 0.4,
    "recall": 0.18181818181818182,
    "f1_score": 0.25000000000000006,
    "precision_at_10_percent": 0.3333333333333333,
    "precision_at_20_percent": 0.5,
    "precision_at_30_percent": 0.5555555555555556,
    "precision_at_40_percent": 0.4166666666666667,
    "precision_at_50_percent": 0.3333333333333333,
    "precision_at_60_percent": 0.2777777777777778,
    "precision_at_70_percent": 0.3333333333333333,
    "precision_at_80_percent": 0.375,
    "precision_at_90_percent": 0.37037037037037035,
    "recall_at_sizeof_ground_truth": 0.45454545454545453
  },
  "run_times": {
    "total_time": 106.00203875900115,
    "algorithm_time": 105.28190036199885
  }
}