{
  "name": "prospect_vertical_30_ac2_av__CorrelationClustering{'threshold1': 0.15, 'threshold2': 0.1, 'quantiles': 256, 'process_num': 4, 'chunk_size': 1, 'clear_cache': True}",
  "matches": {
    "(('prospect_vertical_30_ac2_av_target', 'OwOReF'), ('prospect_vertical_30_ac2_av_source', 'OwnOrRentFlag'))": 1.0,
    "(('prospect_vertical_30_ac2_av_source', 'MiddleInitial'), ('prospect_vertical_30_ac2_av_target', 'MiInit'))": 1.0,
    "(('prospect_vertical_30_ac2_av_source', 'AgencyID'), ('prospect_vertical_30_ac2_av_target', 'AgeID'))": 0.9922494921029472,
    "(('prospect_vertical_30_ac2_av_source', 'NumberCreditCards'), ('prospect_vertical_30_ac2_av_target', 'NuCrCa'))": 0.9244881954687207,
    "(('prospect_vertical_30_ac2_av_target', 'NumChi'), ('prospect_vertical_30_ac2_av_source', 'NumberCars'))": 0.8597315953201694,
    "(('prospect_vertical_30_ac2_av_target', 'NuC'), ('prospect_vertical_30_ac2_av_source', 'NumberCars'))": 0.8595862870197714,
    "(('prospect_vertical_30_ac2_av_target', 'MariSt'), ('prospect_vertical_30_ac2_av_source', 'MiddleInitial'))": 0.7762748398730287
  },
  "metrics": {
    "precision": 0.8,
    "recall": 0.6666666666666666,
    "f1_score": 0.7272727272727272,
    "precision_at_10_percent": 1.0,
    "precision_at_20_percent": 1.0,
    "precision_at_30_percent": 1.0,
    "precision_at_40_percent": 1.0,
    "precision_at_50_percent": 1.0,
    "precision_at_60_percent": 0.8,
    "precision_at_70_percent": 0.8,
    "precision_at_80_percent": 0.8333333333333334,
    "precision_at_90_percent": 0.7142857142857143,
    "recall_at_sizeof_ground_truth": 0.8333333333333334
  },
  "run_times": {
    "total_time": 95.3160109849996,
    "algorithm_time": 93.60236464599984
  }
}