{
  "name": "prospect_horizontal_100_ac4_ev__CorrelationClustering{'threshold1': 0.1, 'threshold2': 0.1, 'quantiles': 256, 'process_num': 4, 'chunk_size': 1, 'clear_cache': True}",
  "matches": {
    "(('prospect_horizontal_100_ac4_ev_source', 'Country'), ('prospect_horizontal_100_ac4_ev_target', 'prospect_Cou'))": 0.9999467527771755,
    "(('prospect_horizontal_100_ac4_ev_target', 'prospect_OwORFl'), ('prospect_horizontal_100_ac4_ev_source', 'OwnOrRentFlag'))": 0.9991804235381831,
    "(('prospect_horizontal_100_ac4_ev_source', 'NumberCars'), ('prospect_horizontal_100_ac4_ev_target', 'prospect_NumC'))": 0.9984884145903262,
    "(('prospect_horizontal_100_ac4_ev_target', 'prospect_Pho'), ('prospect_horizontal_100_ac4_ev_source', 'Phone'))": 0.9983240875859017,
    "(('prospect_horizontal_100_ac4_ev_source', 'Gender'), ('prospect_horizontal_100_ac4_ev_target', 'prospect_Ge'))": 0.9982882380496256,
    "(('prospect_horizontal_100_ac4_ev_source', 'NumberChildren'), ('prospect_horizontal_100_ac4_ev_target', 'prospect_NuChil'))": 0.9980379813038263,
    "(('prospect_horizontal_100_ac4_ev_source', 'City'), ('prospect_horizontal_100_ac4_ev_target', 'prospect_C'))": 0.9979859081017691,
    "(('prospect_horizontal_100_ac4_ev_source', 'NumberCreditCards'), ('prospect_horizontal_100_ac4_ev_target', 'prospect_NuCrCar'))": 0.9978085023290285,
    "(('prospect_horizontal_100_ac4_ev_source', 'NumberCars'), ('prospect_horizontal_100_ac4_ev_target', 'prospect_NuChil'))": 0.997456362844781,
    "(('prospect_horizontal_100_ac4_ev_target', 'prospect_CreRat'), ('prospect_horizontal_100_ac4_ev_source', 'CreditRating'))": 0.9974388733313878,
    "(('prospect_horizontal_100_ac4_ev_target', 'prospect_Sta'), ('prospect_horizontal_100_ac4_ev_source', 'State'))": 0.9971990899725016,
    "(('prospect_horizontal_100_ac4_ev_source', 'NumberChildren'), ('prospect_horizontal_100_ac4_ev_target', 'prospect_NumC'))": 0.9971592206958518,
    "(('prospect_horizontal_100_ac4_ev_target', 'prospect_MariSt'), ('prospect_horizontal_100_ac4_ev_source', 'MaritalStatus'))": 0.9965485176348525,
    "(('prospect_horizontal_100_ac4_ev_target', 'prospect_Ag'), ('prospect_horizontal_100_ac4_ev_source', 'Age'))": 0.9963823687655776,
    "(('prospect_horizontal_100_ac4_ev_target', 'prospect_NeWor'), ('prospect_horizontal_100_ac4_ev_source', 'NetWorth'))": 0.9963809988823583,
    "(('prospect_horizontal_100_ac4_ev_target', 'prospect_Empl'), ('prospect_horizontal_100_ac4_ev_source', 'Employer'))": 0.996255516368129,
    "(('prospect_horizontal_100_ac4_ev_source', 'Income'), ('prospect_horizontal_100_ac4_ev_target', 'prospect_Inc'))": 0.9958227424933757,
    "(('prospect_horizontal_100_ac4_ev_source', 'MiddleInitial'), ('prospect_horizontal_100_ac4_ev_target', 'prospect_MiIn'))": 0.9942634192622521,
    "(('prospect_horizontal_100_ac4_ev_source', 'AddressLine2'), ('prospect_horizontal_100_ac4_ev_target', 'prospect_AddrL2'))": 0.9856759541878637,
    "(('prospect_horizontal_100_ac4_ev_target', 'prospect_LN'), ('prospect_horizontal_100_ac4_ev_source', 'LastName'))": 0.9722625515817293,
    "(('prospect_horizontal_100_ac4_ev_source', 'AgencyID'), ('prospect_horizontal_100_ac4_ev_target', 'prospect_AgeID'))": 0.9722574747477819,
    "(('prospect_horizontal_100_ac4_ev_source', 'FirstName'), ('prospect_horizontal_100_ac4_ev_target', 'prospect_FirNa'))": 0.9647171959468241
  },
  "metrics": {
    "precision": 1.0,
    "recall": 0.7727272727272727,
    "f1_score": 0.8717948717948718,
    "precision_at_10_percent": 1.0,
    "precision_at_20_percent": 1.0,
    "precision_at_30_percent": 1.0,
    "precision_at_40_percent": 0.8888888888888888,
    "precision_at_50_percent": 0.9090909090909091,
    "precision_at_60_percent": 0.8571428571428571,
    "precision_at_70_percent": 0.875,
    "precision_at_80_percent": 0.8888888888888888,
    "precision_at_90_percent": 0.9,
    "recall_at_sizeof_ground_truth": 0.9090909090909091
  },
  "run_times": {
    "total_time": 154.8778900749985,
    "algorithm_time": 152.81173787399894
  }
}