{
  "name": "prospect_vertical_30_ac4_av__CorrelationClustering{'threshold1': 0.3, 'threshold2': 0.3, 'quantiles': 256, 'process_num': 4, 'chunk_size': 1, 'clear_cache': True}",
  "matches": {
    "(('prospect_vertical_30_ac4_av_target', 'prospect_MiIni'), ('prospect_vertical_30_ac4_av_source', 'MiddleInitial'))": 1.0,
    "(('prospect_vertical_30_ac4_av_source', 'AgencyID'), ('prospect_vertical_30_ac4_av_target', 'prospect_AgeID'))": 0.9939517615383426,
    "(('prospect_vertical_30_ac4_av_target', 'prospect_LN'), ('prospect_vertical_30_ac4_av_source', 'FirstName'))": 0.9899513037886228,
    "(('prospect_vertical_30_ac4_av_target', 'prospect_LN'), ('prospect_vertical_30_ac4_av_source', 'LastName'))": 0.9772407296910014,
    "(('prospect_vertical_30_ac4_av_target', 'prospect_LN'), ('prospect_vertical_30_ac4_av_source', 'City'))": 0.959626371447198,
    "(('prospect_vertical_30_ac4_av_source', 'City'), ('prospect_vertical_30_ac4_av_target', 'prospect_Em'))": 0.9563748157950982,
    "(('prospect_vertical_30_ac4_av_target', 'prospect_LN'), ('prospect_vertical_30_ac4_av_source', 'State'))": 0.9402481459554543,
    "(('prospect_vertical_30_ac4_av_target', 'prospect_Em'), ('prospect_vertical_30_ac4_av_source', 'FirstName'))": 0.9384181459356614,
    "(('prospect_vertical_30_ac4_av_source', 'LastName'), ('prospect_vertical_30_ac4_av_target', 'prospect_Em'))": 0.9251854660572225,
    "(('prospect_vertical_30_ac4_av_source', 'State'), ('prospect_vertical_30_ac4_av_target', 'prospect_Em'))": 0.9058588257090651,
    "(('prospect_vertical_30_ac4_av_source', 'NumberCreditCards'), ('prospect_vertical_30_ac4_av_target', 'prospect_NumCreCa'))": 0.9023132384737843,
    "(('prospect_vertical_30_ac4_av_target', 'prospect_MaSta'), ('prospect_vertical_30_ac4_av_source', 'MiddleInitial'))": 0.7762748398730287,
    "(('prospect_vertical_30_ac4_av_source', 'Gender'), ('prospect_vertical_30_ac4_av_target', 'prospect_MiIni'))": 0.7738726552126324,
    "(('prospect_vertical_30_ac4_av_source', 'Gender'), ('prospect_vertical_30_ac4_av_target', 'prospect_MaSta'))": 0.7112219741831346,
    "(('prospect_vertical_30_ac4_av_source', 'Gender'), ('prospect_vertical_30_ac4_av_target', 'prospect_OORF'))": 0.6443473044895983,
    "(('prospect_vertical_30_ac4_av_target', 'prospect_OORF'), ('prospect_vertical_30_ac4_av_source', 'MiddleInitial'))": 0.5715684232624882
  },
  "metrics": {
    "precision": 0.5,
    "recall": 0.3333333333333333,
    "f1_score": 0.4,
    "precision_at_10_percent": 1.0,
    "precision_at_20_percent": 0.75,
    "precision_at_30_percent": 0.6,
    "precision_at_40_percent": 0.42857142857142855,
    "precision_at_50_percent": 0.375,
    "precision_at_60_percent": 0.3,
    "precision_at_70_percent": 0.3333333333333333,
    "precision_at_80_percent": 0.3076923076923077,
    "precision_at_90_percent": 0.26666666666666666,
    "recall_at_sizeof_ground_truth": 0.5
  },
  "run_times": {
    "total_time": 91.64822906700283,
    "algorithm_time": 90.27138094600014
  }
}