{
  "name": "prospect_vertical_70_ec_av__CorrelationClustering{'threshold1': 0.15, 'threshold2': 0.15, 'quantiles': 256, 'process_num': 4, 'chunk_size': 1, 'clear_cache': True}",
  "matches": {
    "(('prospect_vertical_70_ec_av_source', 'OwnOrRentFlag'), ('prospect_vertical_70_ec_av_target', 'OwnOrRentFlag'))": 1.0,
    "(('prospect_vertical_70_ec_av_source', 'MiddleInitial'), ('prospect_vertical_70_ec_av_target', 'MiddleInitial'))": 1.0,
    "(('prospect_vertical_70_ec_av_source', 'Gender'), ('prospect_vertical_70_ec_av_target', 'Gender'))": 0.9995797065857506,
    "(('prospect_vertical_70_ec_av_source', 'NumberCars'), ('prospect_vertical_70_ec_av_target', 'NumberChildren'))": 0.9959956011031521,
    "(('prospect_vertical_70_ec_av_source', 'FirstName'), ('prospect_vertical_70_ec_av_target', 'LastName'))": 0.9898700210300242,
    "(('prospect_vertical_70_ec_av_source', 'Employer'), ('prospect_vertical_70_ec_av_target', 'Employer'))": 0.9800598688185318,
    "(('prospect_vertical_70_ec_av_target', 'AgencyID'), ('prospect_vertical_70_ec_av_source', 'AgencyID'))": 0.9797347861465738,
    "(('prospect_vertical_70_ec_av_target', 'FirstName'), ('prospect_vertical_70_ec_av_source', 'FirstName'))": 0.9775235951812036,
    "(('prospect_vertical_70_ec_av_target', 'LastName'), ('prospect_vertical_70_ec_av_source', 'LastName'))": 0.9759517046233167,
    "(('prospect_vertical_70_ec_av_target', 'FirstName'), ('prospect_vertical_70_ec_av_source', 'LastName'))": 0.9741654788141603,
    "(('prospect_vertical_70_ec_av_target', 'City'), ('prospect_vertical_70_ec_av_source', 'City'))": 0.9688700552968174,
    "(('prospect_vertical_70_ec_av_target', 'FirstName'), ('prospect_vertical_70_ec_av_source', 'State'))": 0.9400982436208518,
    "(('prospect_vertical_70_ec_av_source', 'State'), ('prospect_vertical_70_ec_av_target', 'LastName'))": 0.8850547979487198,
    "(('prospect_vertical_70_ec_av_source', 'MiddleInitial'), ('prospect_vertical_70_ec_av_target', 'MaritalStatus'))": 0.8831117572558426
  },
  "metrics": {
    "precision": 0.7142857142857143,
    "recall": 0.3333333333333333,
    "f1_score": 0.4545454545454545,
    "precision_at_10_percent": 1.0,
    "precision_at_20_percent": 1.0,
    "precision_at_30_percent": 0.6,
    "precision_at_40_percent": 0.6666666666666666,
    "precision_at_50_percent": 0.7142857142857143,
    "precision_at_60_percent": 0.7777777777777778,
    "precision_at_70_percent": 0.7,
    "precision_at_80_percent": 0.6666666666666666,
    "precision_at_90_percent": 0.6153846153846154,
    "recall_at_sizeof_ground_truth": 0.5333333333333333
  },
  "run_times": {
    "total_time": 85.21829827799957,
    "algorithm_time": 82.85488909299966
  }
}