{
  "name": "prospect_both_0_30_ac4_av__CorrelationClustering{'threshold1': 0.2, 'threshold2': 0.2, 'quantiles': 256, 'process_num': 4, 'chunk_size': 1, 'clear_cache': True}",
  "matches": {
    "(('prospect_both_0_30_ac4_av_source', 'OwnOrRentFlag'), ('prospect_both_0_30_ac4_av_target', 'prospect_OOReF'))": 0.9983663008970283,
    "(('prospect_both_0_30_ac4_av_target', 'prospect_MiIni'), ('prospect_both_0_30_ac4_av_source', 'MiddleInitial'))": 0.9879202269011186,
    "(('prospect_both_0_30_ac4_av_source', 'City'), ('prospect_both_0_30_ac4_av_target', 'prospect_Emp'))": 0.953118832780242,
    "(('prospect_both_0_30_ac4_av_source', 'NumberCreditCards'), ('prospect_both_0_30_ac4_av_target', 'prospect_NuCreCa'))": 0.8912763172100854,
    "(('prospect_both_0_30_ac4_av_target', 'prospect_MariSta'), ('prospect_both_0_30_ac4_av_source', 'MiddleInitial'))": 0.7761150742648887
  },
  "metrics": {
    "precision": 0.6666666666666666,
    "recall": 0.3333333333333333,
    "f1_score": 0.4444444444444444,
    "precision_at_10_percent": 1.0,
    "precision_at_20_percent": 1.0,
    "precision_at_30_percent": 1.0,
    "precision_at_40_percent": 1.0,
    "precision_at_50_percent": 0.6666666666666666,
    "precision_at_60_percent": 0.6666666666666666,
    "precision_at_70_percent": 0.75,
    "precision_at_80_percent": 0.75,
    "precision_at_90_percent": 0.6,
    "recall_at_sizeof_ground_truth": 0.5
  },
  "run_times": {
    "total_time": 64.29442967399973,
    "algorithm_time": 63.83460441199986
  }
}