{
  "name": "prospect_vertical_50_ac1_av__CorrelationClustering{'threshold1': 0.2, 'threshold2': 0.2, 'quantiles': 256, 'process_num': 4, 'chunk_size': 1, 'clear_cache': True}",
  "matches": {
    "(('prospect_vertical_50_ac1_av_target', 'prospect_OwnOrRentFlag'), ('prospect_vertical_50_ac1_av_source', 'OwnOrRentFlag'))": 1.0,
    "(('prospect_vertical_50_ac1_av_target', 'prospect_MiddleInitial'), ('prospect_vertical_50_ac1_av_source', 'MiddleInitial'))": 1.0,
    "(('prospect_vertical_50_ac1_av_source', 'Gender'), ('prospect_vertical_50_ac1_av_target', 'prospect_Gender'))": 0.9995797065857506,
    "(('prospect_vertical_50_ac1_av_source', 'State'), ('prospect_vertical_50_ac1_av_target', 'prospect_State'))": 0.994927411466465,
    "(('prospect_vertical_50_ac1_av_source', 'AgencyID'), ('prospect_vertical_50_ac1_av_target', 'prospect_AgencyID'))": 0.9917490928587553,
    "(('prospect_vertical_50_ac1_av_source', 'Employer'), ('prospect_vertical_50_ac1_av_target', 'prospect_Employer'))": 0.9799867905555449,
    "(('prospect_vertical_50_ac1_av_source', 'City'), ('prospect_vertical_50_ac1_av_target', 'prospect_Employer'))": 0.9563748157950982,
    "(('prospect_vertical_50_ac1_av_source', 'NumberCreditCards'), ('prospect_vertical_50_ac1_av_target', 'prospect_NumberCreditCards'))": 0.917168989090422,
    "(('prospect_vertical_50_ac1_av_target', 'prospect_State'), ('prospect_vertical_50_ac1_av_source', 'LastName'))": 0.8850547979487198,
    "(('prospect_vertical_50_ac1_av_target', 'prospect_MaritalStatus'), ('prospect_vertical_50_ac1_av_source', 'MiddleInitial'))": 0.7762748398730287
  },
  "metrics": {
    "precision": 1.0,
    "recall": 0.5454545454545454,
    "f1_score": 0.7058823529411764,
    "precision_at_10_percent": 1.0,
    "precision_at_20_percent": 1.0,
    "precision_at_30_percent": 1.0,
    "precision_at_40_percent": 1.0,
    "precision_at_50_percent": 1.0,
    "precision_at_60_percent": 1.0,
    "precision_at_70_percent": 0.8571428571428571,
    "precision_at_80_percent": 0.875,
    "precision_at_90_percent": 0.7777777777777778,
    "recall_at_sizeof_ground_truth": 0.6363636363636364
  },
  "run_times": {
    "total_time": 112.58840661799968,
    "algorithm_time": 109.98870402899956
  }
}